Title,Year,Genre,Duration,Rating,Budget,Revenue,Director,Cast
102 Dalmatians,2000,"Comedy, Family",100,5.1,85000000.0,183611771.0,Kevin Lima,"Glenn Close, Ioan Gruffudd, Alice Evans, Tim McInnerny, Gérard Depardieu"
13 Hours: The Secret Soldiers of Benghazi,2016,"Action, Drama, History, Thriller, War",144,7.0,50000000.0,69411370.0,Michael Bay,"James Badge Dale, John Krasinski, Max Martini, Pablo Schreiber, Toby Stephens"
15 Minutes,2001,"Action, Crime, Thriller",120,5.7,60000000.0,56359980.0,John Herzfeld,"Robert De Niro, Charlize Theron, Edward Burns, Kelsey Grammer, Avery Brooks"
16 Blocks,2006,"Action, Adventure, Crime, Thriller",105,6.2,55000000.0,65664721.0,Richard Donner,"Bruce Willis, Yasiin Bey, David Morse, Jenna Stern, David Zayas"
17 Again,2009,Comedy,102,6.1,20000000.0,136267476.0,Burr Steers,"Zac Efron, Leslie Mann, Matthew Perry, Tyler Steelman, Allison Miller"
2 Fast 2 Furious,2003,"Action, Crime, Thriller",107,6.2,76000000.0,236350661.0,John Singleton,"Paul Walker, Tyrese Gibson, Eva Mendes, Cole Hauser, Ludacris"
2 Guns,2013,"Action, Comedy, Crime",109,6.6,61000000.0,131940411.0,Baltasar Kormákur,"Denzel Washington, Mark Wahlberg, Paula Patton, Bill Paxton, Fred Ward"
2012,2009,"Action, Adventure, Science Fiction",158,5.6,200000000.0,769653595.0,Roland Emmerich,"John Cusack, Amanda Peet, Chiwetel Ejiofor, Thandie Newton, Oliver Platt"
21 Jump Street,2012,"Action, Comedy, Crime",109,6.7,42000000.0,201585328.0,"Phil Lord, Christopher Miller","Channing Tatum, Jonah Hill, Brie Larson, Dave Franco, Ellie Kemper"
22 Jump Street,2014,"Crime, Comedy, Action",112,7.0,50000000.0,188441614.0,"Phil Lord, Christopher Miller","Jonah Hill, Channing Tatum, Dave Franco, Ice Cube, Nick Offerman"
28 Days,2000,"Comedy, Drama",103,6.0,43000000.0,N/a,Betty Thomas,"Sandra Bullock, Viggo Mortensen, Dominic West, Elizabeth Perkins, Alan Tudyk"
300,2006,"Action, Adventure, War",117,7.0,65000000.0,422610419.0,Zack Snyder,"Gerard Butler, Lena Headey, Dominic West, David Wenham, Vincent Regan"
3000 Miles to Graceland,2001,"Action, Adventure, Comedy, Thriller, Crime",125,5.8,62000000.0,18720175.0,Demian Lichtenstein,"Kurt Russell, Kevin Costner, Courteney Cox, Christian Slater, Kevin Pollak"
300: Rise of an Empire,2014,"Action, War",102,6.1,110000000.0,337580051.0,Noam Murro,"Sullivan Stapleton, Eva Green, Lena Headey, Callan Mulvey, David Wenham"
3:10 to Yuma,2007,Western,122,6.9,55000000.0,70016220.0,James Mangold,"Russell Crowe, Christian Bale, Logan Lerman, Dallas Roberts, Peter Fonda"
42,2013,Drama,128,6.8,40000000.0,95020213.0,Brian Helgeland,"Chadwick Boseman, T.R. Knight, Harrison Ford, Nicole Beharie, Christopher Meloni"
47 Ronin,2013,"Drama, Action, Adventure, Fantasy",119,5.9,175000000.0,150962475.0,Carl Rinsch,"Keanu Reeves, Hiroyuki Sanada, Kou Shibasaki, Tadanobu Asano, Min Tanaka"
50 First Dates,2004,"Comedy, Romance",99,6.6,75000000.0,196482882.0,Peter Segal,"Adam Sandler, Drew Barrymore, Rob Schneider, Sean Astin, Lusia Strus"
8 Mile,2002,Drama,110,6.8,41000000.0,215000000.0,Curtis Hanson,"Eminem, Mekhi Phifer, Brittany Murphy, Kim Basinger, Michael Shannon"
A Beautiful Mind,2001,"Drama, Romance",135,7.7,60000000.0,313542341.0,Ron Howard,"Russell Crowe, Ed Harris, Jennifer Connelly, Christopher Plummer, Paul Bettany"
A Bug's Life,1998,"Adventure, Animation, Comedy, Family",95,6.8,120000000.0,363258859.0,"Andrew Stanton, John Lasseter","Kevin Spacey, Julia Louis-Dreyfus, Hayden Panettiere, Phyllis Diller, Bonnie Hunt"
A Christmas Carol,2009,"Animation, Drama",96,6.6,200000000.0,325233863.0,Robert Zemeckis,"Gary Oldman, Jim Carrey, Steve Valentine, Daryl Sabara, Sage Ryan"
A Civil Action,1998,Drama,115,6.1,70000000.0,56702901.0,Steven Zaillian,"John Travolta, Robert Duvall, Tony Shalhoub, William H. Macy, Zeljko Ivanek"
A Good Day to Die Hard,2013,"Action, Thriller",98,5.2,92000000.0,304654182.0,John Moore,"Bruce Willis, Jai Courtney, Sebastian Koch, Mary Elizabeth Winstead, Юлия Снигирь"
A Knight's Tale,2001,"Adventure, Drama, Romance, Action",132,6.6,65000000.0,117487473.0,Brian Helgeland,"Heath Ledger, Rufus Sewell, Shannyn Sossamon, Paul Bettany, Laura Fraser"
A League of Their Own,1992,Comedy,128,6.7,40000000.0,107458785.0,Penny Marshall,"Tom Hanks, Geena Davis, Madonna, Lori Petty, Jon Lovitz"
A Sound of Thunder,2005,"Thriller, Science Fiction, Adventure, Action",110,4.8,80000000.0,5989640.0,Peter Hyams,"Heike Makatsch, Armin Rohde, David Oyelowo, Wilfried Hochholdinger, Edward Burns"
A Time to Kill,1996,"Crime, Drama, Thriller",149,7.0,40000000.0,152266007.0,Joel Schumacher,"Matthew McConaughey, Sandra Bullock, Samuel L. Jackson, Kevin Spacey, Oliver Platt"
A Very Long Engagement,2004,Drama,133,7.1,47000000.0,N/a,Jean-Pierre Jeunet,"Audrey Tautou, Gaspard Ulliel, Dominique Pinon, Chantal Neuwirth, André Dussollier"
A.I. Artificial Intelligence,2001,"Drama, Science Fiction, Adventure",146,6.8,100000000.0,235926552.0,Steven Spielberg,"Haley Joel Osment, Frances O'Connor, Sam Robards, Jake Thomas, Jude Law"
AVP: Alien vs. Predator,2004,"Adventure, Science Fiction, Action",101,5.5,70000000.0,171183863.0,Paul W.S. Anderson,"Sanaa Lathan, Raoul Bova, Ewen Bremner, Colin Salmon, Tommy Flanagan"
Abraham Lincoln: Vampire Hunter,2012,"Action, Fantasy, Horror",94,5.5,69000000.0,112265139.0,Timur Bekmambetov,"Benjamin Walker, Dominic Cooper, Anthony Mackie, Mary Elizabeth Winstead, Rufus Sewell"
Absolute Power,1997,"Crime, Drama, Thriller",121,6.4,50000000.0,50068310.0,Clint Eastwood,"Clint Eastwood, Gene Hackman, Ed Harris, Scott Glenn, Laura Linney"
Across the Universe,2007,"Adventure, Drama, Music, Romance",133,7.1,N/a,N/a,Julie Taymor,"Evan Rachel Wood, Jim Sturgess, Joe Anderson, Dana Fuchs, Martin Luther"
After Earth,2013,"Science Fiction, Action, Adventure",100,5.0,130000000.0,243843127.0,M. Night Shyamalan,"Jaden Smith, Will Smith, Sophie Okonedo, Zoë Kravitz, Glenn Morshower"
After the Sunset,2004,"Action, Comedy, Crime, Drama",97,6.0,60000000.0,61347797.0,Brett Ratner,"Pierce Brosnan, Salma Hayek, Woody Harrelson, Troy Garity, Russell Hornsby"
Agora,2009,"Adventure, Drama, History",127,6.9,70000000.0,39041505.0,Alejandro Amenábar,"Rachel Weisz, Max Minghella, Oscar Isaac, Ashraf Barhom, Michael Lonsdale"
Air Force One,1997,"Action, Thriller",124,6.2,85000000.0,315156409.0,Wolfgang Petersen,"Harrison Ford, Gary Oldman, Glenn Close, Wendy Crewson, William H. Macy"
Alexander,2004,"War, History, Action, Adventure, Drama, Romance",175,5.6,155000000.0,167298192.0,Oliver Stone,"Colin Farrell, Angelina Jolie, Val Kilmer, Jared Leto, Jonathan Rhys Meyers"
Ali,2001,Drama,157,6.7,107000000.0,87713825.0,Michael Mann,"Will Smith, Jamie Foxx, Jon Voight, Mario Van Peebles, Ron Silver"
Alice Through the Looking Glass,2016,Fantasy,113,6.5,170000000.0,299370084.0,James Bobin,"Johnny Depp, Mia Wasikowska, Anne Hathaway, Helena Bonham Carter, Alan Rickman"
Alice in Wonderland,2010,"Family, Fantasy, Adventure",108,6.4,200000000.0,1025491110.0,Tim Burton,"Mia Wasikowska, Johnny Depp, Anne Hathaway, Helena Bonham Carter, Crispin Glover"
Alien: Resurrection,1997,"Science Fiction, Horror, Action",109,5.9,70000000.0,162000000.0,Jean-Pierre Jeunet,"Sigourney Weaver, Winona Ryder, Brad Dourif, Ron Perlman, Michael Wincott"
Aliens in the Attic,2009,"Adventure, Comedy, Family, Fantasy, Science Fiction",86,5.3,45000000.0,57881056.0,John Schultz,"Carter Jenkins, Austin Butler, Kevin Nealon, Robert Hoffman, Doris Roberts"
Alien³,1992,"Science Fiction, Action, Horror",114,6.2,50000000.0,159773545.0,David Fincher,"Sigourney Weaver, Charles S. Dutton, Charles Dance, Pete Postlethwaite, Ralph Brown"
All That Jazz,1979,"Drama, Music",123,7.3,N/a,37823676.0,Bob Fosse,"Roy Scheider, Jessica Lange, Leland Palmer, Ann Reinking, Ben Vereen"
All the King's Men,2006,"Drama, Thriller",125,5.7,55000000.0,9450897.0,Steven Zaillian,"Sean Penn, Jude Law, Kate Winslet, James Gandolfini, Patricia Clarkson"
All the Pretty Horses,2000,"Drama, Romance, Western",117,5.8,57000000.0,N/a,Billy Bob Thornton,"Matt Damon, Henry Thomas, Penélope Cruz, Sam Shepard, Robert Patrick"
Allegiant,2016,"Adventure, Science Fiction",121,5.9,110000000.0,179246868.0,Robert Schwentke,"Shailene Woodley, Theo James, Zoë Kravitz, Miles Teller, Naomi Watts"
Almost Famous,2000,"Drama, Music",122,7.4,60000000.0,47383689.0,Cameron Crowe,"Kate Hudson, Billy Crudup, Frances McDormand, Jason Lee, Patrick Fugit"
Along Came Polly,2004,"Comedy, Romance",90,5.8,42000000.0,171963386.0,John Hamburg,"Ben Stiller, Jennifer Aniston, Philip Seymour Hoffman, Debra Messing, Alec Baldwin"
Alvin and the Chipmunks,2007,"Comedy, Music, Family, Fantasy, Animation",92,5.5,60000000.0,361366633.0,Tim Hill,"Jason Lee, David Cross, Cameron Richardson, Jane Lynch, Justin Long"
Alvin and the Chipmunks: Chipwrecked,2011,"Comedy, Fantasy, Family, Music, Animation",87,5.4,75000000.0,342695435.0,Mike Mitchell,"Jason Lee, David Cross, Jenny Slate, Andy Buckley, Justin Long"
Alvin and the Chipmunks: The Road Chip,2015,"Adventure, Animation, Comedy, Family",92,5.8,N/a,233755553.0,Walt Becker,"Jason Lee, Justin Long, Bella Thorne, Matthew Gray Gubler, Jesse McCartney"
Alvin and the Chipmunks: The Squeakquel,2009,"Comedy, Family, Animation, Fantasy, Music",88,5.4,75000000.0,443140005.0,Betty Thomas,"Zachary Levi, David Cross, Jason Lee, Justin Long, Matthew Gray Gubler"
America's Sweethearts,2001,"Comedy, Romance",102,5.5,N/a,N/a,Joe Roth,"Julia Roberts, Billy Crystal, Catherine Zeta-Jones, John Cusack, Hank Azaria"
American Gangster,2007,"Drama, Crime",157,7.4,100000000.0,266465037.0,Ridley Scott,"Denzel Washington, Russell Crowe, Chiwetel Ejiofor, Josh Brolin, Lymari Nadal"
American Hustle,2013,"Drama, Crime",138,6.8,40000000.0,251171807.0,David O. Russell,"Christian Bale, Bradley Cooper, Amy Adams, Jeremy Renner, Jennifer Lawrence"
American Reunion,2012,Comedy,113,6.1,50000000.0,234989584.0,"Jon Hurwitz, Hayden Schlossberg","Jason Biggs, Alyson Hannigan, Seann William Scott, Chris Klein, Thomas Ian Nicholas"
American Sniper,2014,"War, Action",133,7.4,58800000.0,542307423.0,Clint Eastwood,"Bradley Cooper, Sienna Miller, Kyle Gallner, Cole Konis, Ben Reed"
American Wedding,2003,"Comedy, Romance",103,6.0,55000000.0,231449203.0,Jesse Dylan,"Jason Biggs, Alyson Hannigan, Seann William Scott, Eddie Kaye Thomas, Thomas Ian Nicholas"
Anaconda,1997,"Adventure, Horror, Thriller",89,4.7,45000000.0,136885767.0,Luis Llosa,"Jennifer Lopez, Ice Cube, Jon Voight, Eric Stoltz, Owen Wilson"
Analyze That,2002,"Comedy, Crime",96,5.7,60000000.0,55003135.0,Harold Ramis,"Robert De Niro, Billy Crystal, Lisa Kudrow, Joe Viterelli, Cathy Moriarty"
Anastasia,1997,"Animation, Family",94,7.4,53000000.0,139804348.0,"Gary Goldman, Don Bluth","Meg Ryan, John Cusack, Christopher Lloyd, Angela Lansbury, Hank Azaria"
Anchorman 2: The Legend Continues,2013,Comedy,119,6.0,50000000.0,173649015.0,Adam McKay,"Will Ferrell, Steve Carell, Paul Rudd, Christina Applegate, David Koechner"
Angels & Demons,2009,"Thriller, Mystery",138,6.5,150000000.0,356613439.0,Ron Howard,"Tom Hanks, Ewan McGregor, Ayelet Zurer, Stellan Skarsgård, Pierfrancesco Favino"
Anna Karenina,2012,"Drama, Romance",130,6.5,N/a,68929150.0,Joe Wright,"Keira Knightley, Jude Law, Aaron Taylor-Johnson, Kelly Macdonald, Matthew Macfadyen"
Anna and the King,1999,"Drama, History, Romance",148,6.4,75000000.0,N/a,Andy Tennant,"Jodie Foster, Chow Yun-fat, Bai Ling, Tom Felton, Randall Duk Kim"
Annie,2014,"Comedy, Drama, Family",119,6.0,65000000.0,133821816.0,Will Gluck,"Quvenzhané Wallis, Jamie Foxx, Rose Byrne, Cameron Diaz, Bobby Cannavale"
Ant-Man,2015,"Science Fiction, Action, Adventure",117,7.0,130000000.0,519311965.0,Peyton Reed,"Paul Rudd, Michael Douglas, Evangeline Lilly, Corey Stoll, Bobby Cannavale"
Antz,1998,"Adventure, Animation, Comedy, Family",83,6.0,60000000.0,171757863.0,"Eric Darnell, Tim Johnson","Woody Allen, Dan Aykroyd, Anne Bancroft, Danny Glover, Gene Hackman"
Any Given Sunday,1999,Drama,163,6.8,55000000.0,100230832.0,Oliver Stone,"Al Pacino, Cameron Diaz, Dennis Quaid, James Woods, Jamie Foxx"
Apocalypto,2006,"Action, Adventure, Drama, Thriller",139,7.3,40000000.0,120175290.0,Mel Gibson,"Rudy Youngblood, Raoul Max Trujillo, Gerardo Taracena, Iazua Larios, Antonio Monroy"
Apollo 13,1995,Drama,140,7.3,52000000.0,355237933.0,Ron Howard,"Tom Hanks, Bill Paxton, Kevin Bacon, Gary Sinise, Ed Harris"
Argo,2012,"Drama, Thriller",120,7.1,44500000.0,232324128.0,Ben Affleck,"Ben Affleck, Bryan Cranston, Alan Arkin, John Goodman, Victor Garber"
Armageddon,1998,"Action, Thriller, Science Fiction, Adventure",151,6.4,140000000.0,553799566.0,Michael Bay,"Bruce Willis, Billy Bob Thornton, Ben Affleck, Liv Tyler, Will Patton"
Around the World in 80 Days,2004,"Action, Adventure, Comedy",120,5.7,110000000.0,72178895.0,Frank Coraci,"Jackie Chan, Steve Coogan, Cécile de France, Robert Fyfe, Jim Broadbent"
Arthur Christmas,2011,"Drama, Animation, Family, Comedy",97,6.7,N/a,N/a,"Barry Cook, Sarah Smith","James McAvoy, Hugh Laurie, Bill Nighy, Jim Broadbent, Imelda Staunton"
Arthur and the Invisibles,2006,"Adventure, Fantasy, Animation, Family",94,6.0,86000000.0,107944236.0,Luc Besson,"Freddie Highmore, Mia Farrow, Ron Crawford, Penny Balfour, Doug Rand"
As Good as It Gets,1997,"Comedy, Romance",139,7.2,50000000.0,314178011.0,James L. Brooks,"Jack Nicholson, Helen Hunt, Greg Kinnear, Cuba Gooding Jr., Skeet Ulrich"
Assassins,1995,"Action, Adventure, Crime, Thriller",132,6.0,50000000.0,30303072.0,Richard Donner,"Sylvester Stallone, Antonio Banderas, Julianne Moore, Anatoli Davydov, Muse Watson"
Asterix at the Olympic Games,2008,"Fantasy, Adventure, Comedy, Family",116,5.0,97250400.0,132900000.0,"Thomas Langmann, Frédéric Forestier","Clovis Cornillac, Gérard Depardieu, Franck Dubosc, José Garcia, Stéphane Rousseau"
Astro Boy,2009,"Animation, Action, Family, Science Fiction",94,6.1,65000000.0,44091067.0,David Bowers,"Nicolas Cage, Kristen Bell, Bill Nighy, Donald Sutherland, Freddie Highmore"
Atlantis: The Lost Empire,2001,"Animation, Family, Adventure, Science Fiction",95,6.7,120000000.0,186053725.0,"Gary Trousdale, Kirk Wise","Michael J. Fox, Corey Burton, Claudia Christian, James Garner, John Mahoney"
Austin Powers in Goldmember,2002,"Comedy, Crime, Science Fiction",94,5.9,63000000.0,296655431.0,Jay Roach,"Mike Myers, Beyoncé Knowles, Seth Green, Michael York, Mindy Sterling"
Australia,2008,Drama,165,6.3,130000000.0,49554002.0,Baz Luhrmann,"Nicole Kidman, Hugh Jackman, Essie Davis, David Wenham, Bryan Brown"
Avatar,2009,"Action, Adventure, Fantasy, Science Fiction",162,7.2,237000000.0,2787965087.0,James Cameron,"Sam Worthington, Zoe Saldana, Sigourney Weaver, Stephen Lang, Michelle Rodriguez"
Avengers: Age of Ultron,2015,"Action, Adventure, Science Fiction",141,7.3,280000000.0,1405403694.0,Joss Whedon,"Robert Downey Jr., Chris Hemsworth, Mark Ruffalo, Chris Evans, Scarlett Johansson"
Babe: Pig in the City,1998,"Adventure, Comedy, Drama, Family, Fantasy",92,5.2,90000000.0,69131860.0,George Miller,"James Cromwell, Mary Stein, Mickey Rooney, Magda Szubanski, E.G. Daily"
Baby's Day Out,1994,"Action, Adventure, Comedy, Family",99,5.8,50000000.0,16671505.0,Patrick Read Johnson,"Joe Mantegna, Lara Flynn Boyle, Joe Pantoliano, Brian Haley, Cynthia Nixon"
Babylon A.D.,2008,"Action, Adventure, Science Fiction, Thriller",101,5.4,70000000.0,72108608.0,Mathieu Kassovitz,"Vin Diesel, Michelle Yeoh, Mélanie Thierry, Lambert Wilson, Charlotte Rampling"
Back to the Future Part II,1989,"Adventure, Comedy, Family, Science Fiction",108,7.4,40000000.0,332000000.0,Robert Zemeckis,"Michael J. Fox, Christopher Lloyd, Lea Thompson, Elisabeth Shue, James Tolkan"
Back to the Future Part III,1990,"Adventure, Comedy, Family, Science Fiction",118,7.1,40000000.0,244527583.0,Robert Zemeckis,"Michael J. Fox, Christopher Lloyd, Mary Steenburgen, Thomas F. Wilson, Lea Thompson"
Bad Boys II,2003,"Adventure, Action, Comedy, Thriller, Crime",147,6.3,130000000.0,273339556.0,Michael Bay,"Martin Lawrence, Will Smith, Jordi Mollà, Gabrielle Union, Peter Stormare"
Bad Company,2002,"Action, Adventure, Comedy, Thriller",116,5.4,70000000.0,65977295.0,Joel Schumacher,"Anthony Hopkins, Chris Rock, Peter Stormare, Gabriel Macht, Kerry Washington"
Ballistic: Ecks vs. Sever,2002,"Action, Adventure, Thriller",91,4.3,70000000.0,19924033.0,Wych Kaosayananda,"Antonio Banderas, Lucy Liu, Gregg Henry, Ray Park, Talisa Soto"
Bandits,2001,"Action, Comedy, Crime, Romance",123,6.2,75000000.0,67631903.0,Barry Levinson,"Bruce Willis, Billy Bob Thornton, Cate Blanchett, Troy Garity, William Converse-Roberts"
Bangkok Dangerous,2008,"Action, Crime, Thriller",99,5.0,45000000.0,42487390.0,"Danny Pang, Oxide Pang Chun","Nicolas Cage, Shahkrit Yamnarm, Charlie Yeung, Panward Hemmanee, Nirattisai Kaljaruek"
Barnyard,2006,"Animation, Comedy, Family",90,5.3,51000000.0,72779000.0,Steve Oedekerk,"Courteney Cox, Kevin James, Sam Elliott, Danny Glover, Wanda Sykes"
Basic,2003,"Action, Drama, Mystery, Thriller, Crime",98,6.2,50000000.0,42792561.0,John McTiernan,"John Travolta, Connie Nielsen, Samuel L. Jackson, Giovanni Ribisi, Tim Daly"
Basic Instinct 2,2006,"Crime, Mystery, Thriller",114,4.6,70000000.0,38629478.0,Michael Caton-Jones,"Sharon Stone, David Morrissey, Charlotte Rampling, David Thewlis, Stan Collymore"
Batman & Robin,1997,"Action, Crime, Fantasy",125,4.2,125000000.0,238207122.0,Joel Schumacher,"George Clooney, Chris O'Donnell, Arnold Schwarzenegger, Uma Thurman, Alicia Silverstone"
Batman Begins,2005,"Action, Crime, Drama",140,7.5,150000000.0,374218673.0,Christopher Nolan,"Christian Bale, Michael Caine, Liam Neeson, Katie Holmes, Gary Oldman"
Batman Forever,1995,"Action, Crime, Fantasy",121,5.2,100000000.0,336529144.0,Joel Schumacher,"Val Kilmer, Tommy Lee Jones, Jim Carrey, Nicole Kidman, Chris O'Donnell"
Batman Returns,1992,"Action, Fantasy",126,6.6,80000000.0,280000000.0,Tim Burton,"Michael Keaton, Danny DeVito, Michelle Pfeiffer, Christopher Walken, Michael Gough"
Batman v Superman: Dawn of Justice,2016,"Action, Adventure, Fantasy",151,5.7,250000000.0,873260194.0,Zack Snyder,"Ben Affleck, Henry Cavill, Gal Gadot, Amy Adams, Jesse Eisenberg"
Battle: Los Angeles,2011,"Action, Science Fiction",116,5.5,70000000.0,202466756.0,Jonathan Liebesman,"Aaron Eckhart, Ramón Rodríguez, Will Rothhaar, Cory Hardrict, Jim Parrack"
Battlefield Earth,2000,"Action, Science Fiction, War",118,3.0,44000000.0,21400000.0,Roger Christian,"John Travolta, Barry Pepper, Forest Whitaker, Kim Coates, Sabine Karsenti"
Battleship,2012,"Thriller, Action, Adventure, Science Fiction",131,5.5,209000000.0,303025485.0,Peter Berg,"Taylor Kitsch, Alexander Skarsgård, Rihanna, Brooklyn Decker, Tadanobu Asano"
Be Cool,2005,"Comedy, Crime",118,5.4,53000000.0,95226116.0,F. Gary Gray,"John Travolta, Uma Thurman, Vince Vaughn, Cedric the Entertainer, André Benjamin"
Beautiful Creatures,2013,"Fantasy, Drama, Romance",124,5.6,60000000.0,60052138.0,Richard LaGravenese,"Alden Ehrenreich, Alice Englert, Jeremy Irons, Viola Davis, Emmy Rossum"
Bedazzled,2000,"Fantasy, Comedy, Romance",93,5.6,48000000.0,90383208.0,Harold Ramis,"Elizabeth Hurley, Brendan Fraser, Frances O'Connor, Orlando Jones, Paul Adelstein"
Bedtime Stories,2008,"Fantasy, Comedy, Family, Romance",99,5.9,80000000.0,212874442.0,Adam Shankman,"Adam Sandler, Keri Russell, Guy Pearce, Courteney Cox, Lucy Lawless"
Bee Movie,2007,"Family, Animation, Adventure, Comedy",91,5.7,150000000.0,287594577.0,"Steve Hickner, Simon J. Smith","Jerry Seinfeld, Renée Zellweger, Jim Cummings, Matthew Broderick, Patrick Warburton"
Behind Enemy Lines,2001,"Action, Drama, Thriller, War",106,6.0,40000000.0,91753202.0,John Moore,"Owen Wilson, Gene Hackman, Gabriel Macht, Charles Malik Whitfield, David Keith"
Beloved,1998,"Drama, Thriller",172,5.9,N/a,N/a,Jonathan Demme,"Oprah Winfrey, Danny Glover, Thandie Newton, Lisa Gay Hamilton, Albert Hall"
Ben-Hur,2016,Drama,125,5.3,100000000.0,94061311.0,Timur Bekmambetov,"Jack Huston, Toby Kebbell, Rodrigo Santoro, Nazanin Boniadi, Ayelet Zurer"
Beowulf,2007,"Adventure, Action, Animation",115,5.5,70000000.0,195735876.0,Robert Zemeckis,"Ray Winstone, Angelina Jolie, Anthony Hopkins, Robin Wright, John Malkovich"
Beverly Hills Cop III,1994,"Action, Comedy, Crime",104,5.5,50000000.0,119208989.0,John Landis,"Eddie Murphy, Judge Reinhold, Héctor Elizondo, Gilbert R. Hill, Timothy Carhart"
Beyond Borders,2003,"Drama, Romance, Adventure, War",127,6.7,35000000.0,N/a,Martin Campbell,"Angelina Jolie, Clive Owen, Teri Polo, Linus Roache, Noah Emmerich"
Bicentennial Man,1999,"Comedy, Science Fiction",131,6.9,100000000.0,93700000.0,Chris Columbus,"Robin Williams, Sam Neill, Embeth Davidtz, Oliver Platt, Kiersten Warren"
Big Fish,2003,"Adventure, Fantasy, Drama",125,7.6,70000000.0,122919055.0,Tim Burton,"Ewan McGregor, Albert Finney, Billy Crudup, Jessica Lange, Helena Bonham Carter"
Big Hero 6,2014,"Adventure, Family, Animation, Action, Comedy",102,7.8,165000000.0,652105443.0,"Chris Williams, Don Hall","Scott Adsit, Ryan Potter, Daniel Henney, T.J. Miller, Jamie Chung"
Big Momma's House 2,2006,"Comedy, Crime",99,5.4,40000000.0,138259062.0,John Whitesell,"Martin Lawrence, Nia Long, Emily Procter, Zachary Levi, Mark Moses"
Big Trouble,2002,"Action, Comedy, Thriller",85,6.3,40000000.0,8493890.0,Barry Sonnenfeld,"Tim Allen, Rene Russo, Patrick Warburton, Ben Foster, Zooey Deschanel"
Black Hawk Down,2001,"Action, History, War",144,7.2,92000000.0,172989651.0,Ridley Scott,"Josh Hartnett, Ewan McGregor, Jason Isaacs, Tom Sizemore, William Fichtner"
Black Mass,2015,"Crime, Drama",122,6.3,53000000.0,98837872.0,Scott Cooper,"Johnny Depp, Joel Edgerton, Benedict Cumberbatch, Dakota Johnson, Kevin Bacon"
Blackhat,2015,"Crime, Drama, Mystery",133,5.1,70000000.0,17752940.0,Michael Mann,"Chris Hemsworth, Leehom Wang, Tang Wei, Viola Davis, Holt McCallany"
Blade,1998,"Horror, Action",120,6.5,45000000.0,131183530.0,Stephen Norrington,"Wesley Snipes, Stephen Dorff, Kris Kristofferson, N'Bushe Wright, Donal Logue"
Blade II,2002,"Fantasy, Horror, Action, Thriller",117,6.2,54000000.0,155010032.0,Guillermo del Toro,"Wesley Snipes, Kris Kristofferson, Ron Perlman, Leonor Varela, Norman Reedus"
Blade: Trinity,2004,"Science Fiction, Action, Horror, Thriller, Adventure, Fantasy",123,5.7,65000000.0,128905366.0,David S. Goyer,"Wesley Snipes, Kris Kristofferson, Dominic Purcell, Jessica Biel, Ryan Reynolds"
Blades of Glory,2007,"Action, Comedy, Drama",93,5.9,53000000.0,N/a,"Josh Gordon, Will Speck","Will Ferrell, Jon Heder, Will Arnett, Amy Poehler, Jenna Fischer"
Blended,2014,Comedy,117,6.6,40000000.0,123494610.0,Frank Coraci,"Drew Barrymore, Adam Sandler, Wendi McLendon-Covey, Bella Thorne, Terry Crews"
Blood Diamond,2006,"Drama, Thriller, Action",143,7.3,100000000.0,170877916.0,Edward Zwick,"Leonardo DiCaprio, Djimon Hounsou, Jennifer Connelly, Kagiso Kuypers, Arnold Vosloo"
Blood Work,2002,"Crime, Drama, Mystery, Thriller",110,6.1,50000000.0,26199517.0,Clint Eastwood,"Clint Eastwood, Jeff Daniels, Anjelica Huston, Wanda De Jesus, Tina Lifford"
Body of Lies,2008,"Action, Drama, Thriller",128,6.5,70000000.0,113280098.0,Ridley Scott,"Leonardo DiCaprio, Russell Crowe, Mark Strong, Ali Suliman, Simon McBurney"
Bolt,2008,"Animation, Family, Adventure, Comedy",98,6.3,150000000.0,309979994.0,"Chris Williams, Byron Howard","John Travolta, Miley Cyrus, Susie Essman, Mark Walton, Malcolm McDowell"
Boomerang,1992,"Comedy, Romance",117,5.4,40000000.0,70100000.0,Reginald Hudlin,"Eddie Murphy, Robin Givens, Halle Berry, David Alan Grier, Grace Jones"
Bowfinger,1999,Comedy,97,6.0,55000000.0,N/a,Frank Oz,"Steve Martin, Eddie Murphy, Heather Graham, Christine Baranski, Jamie Kennedy"
Brave,2012,"Animation, Adventure, Comedy, Family, Action, Fantasy",93,6.7,185000000.0,538983207.0,"Brenda Chapman, Mark Andrews, Steve Purcell","Kelly Macdonald, Julie Walters, Billy Connolly, Emma Thompson, Kevin McKidd"
Braveheart,1995,"Action, Drama, History, War",177,7.7,72000000.0,210000000.0,Mel Gibson,"Mel Gibson, Catherine McCormack, Sophie Marceau, Patrick McGoohan, Angus Macfadyen"
Bridge of Spies,2015,"Thriller, Drama",141,7.2,40000000.0,165478348.0,Steven Spielberg,"Tom Hanks, Mark Rylance, Amy Ryan, Alan Alda, Sebastian Koch"
Bridget Jones: The Edge of Reason,2004,"Comedy, Romance",108,6.1,50000000.0,40203020.0,Beeban Kidron,"Renée Zellweger, Hugh Grant, Colin Firth, Jim Broadbent, Gemma Jones"
Broken Arrow,1996,"Action, Adventure, Drama, Thriller",108,5.7,50000000.0,150270147.0,John Woo,"John Travolta, Christian Slater, Samantha Mathis, Delroy Lindo, Bob Gunton"
Bruce Almighty,2003,"Fantasy, Comedy",101,6.4,80000000.0,484572835.0,Tom Shadyac,"Jim Carrey, Jennifer Aniston, Philip Baker Hall, Catherine Bell, Lisa Ann Walter"
Brüno,2009,Comedy,83,5.4,42000000.0,N/a,Larry Charles,"Sacha Baron Cohen, Richard Bey, Ron Paul, Gustaf Hammarsten, Clifford Bañagale"
Bullet to the Head,2013,"Action, Crime, Thriller",92,5.2,55000000.0,9489829.0,Walter Hill,"Sylvester Stallone, Sung Kang, Sarah Shahi, Adewale Akinnuoye-Agbaje, Jason Momoa"
Bulletproof Monk,2003,"Action, Comedy, Fantasy",104,5.1,52000000.0,N/a,Paul Hunter,"Seann William Scott, Jaime King, Karel Roden, Chow Yun-fat, K. C. Collins"
Burlesque,2010,"Drama, Romance",119,6.9,55000000.0,89519773.0,Steve Antin,"Cher, Christina Aguilera, Eric Dane, Cam Gigandet, Julianne Hough"
Captain America: Civil War,2016,"Adventure, Action, Science Fiction",147,7.1,250000000.0,1153304495.0,"Anthony Russo, Joe Russo","Chris Evans, Robert Downey Jr., Scarlett Johansson, Sebastian Stan, Anthony Mackie"
Captain America: The First Avenger,2011,"Action, Adventure, Science Fiction",124,6.6,140000000.0,370569774.0,Joe Johnston,"Chris Evans, Hugo Weaving, Tommy Lee Jones, Hayley Atwell, Sebastian Stan"
Captain America: The Winter Soldier,2014,"Action, Adventure, Science Fiction",136,7.6,170000000.0,714766572.0,"Anthony Russo, Joe Russo","Chris Evans, Samuel L. Jackson, Scarlett Johansson, Robert Redford, Sebastian Stan"
Captain Corelli's Mandolin,2001,"Drama, History, Romance",131,5.5,57000000.0,62112895.0,John Madden,"Nicolas Cage, Penélope Cruz, John Hurt, Christian Bale, Irene Papas"
Captain Phillips,2013,"Action, Drama, Thriller",134,7.6,55000000.0,95000000.0,Paul Greengrass,"Tom Hanks, Catherine Keener, Max Martini, Chris Mulkey, Yul Vazquez"
Carriers,2009,"Action, Drama, Horror, Science Fiction, Thriller",84,5.8,N/a,5802422.0,"Àlex Pastor, David Pastor","Lou Taylor Pucci, Chris Pine, Piper Perabo, Emily VanCamp, Christopher Meloni"
Cars,2006,"Animation, Adventure, Comedy, Family",117,6.6,120000000.0,461983149.0,"John Lasseter, Joe Ranft","Owen Wilson, Paul Newman, Bonnie Hunt, Larry the Cable Guy, Tony Shalhoub"
Cars 2,2011,"Animation, Family, Adventure, Comedy",106,5.8,200000000.0,559852396.0,"John Lasseter, Brad Lewis","Owen Wilson, Larry the Cable Guy, Michael Caine, Emily Mortimer, John Turturro"
Casino,1995,"Drama, Crime",178,7.8,52000000.0,116112375.0,Martin Scorsese,"Robert De Niro, Sharon Stone, Joe Pesci, James Woods, Don Rickles"
Casino Royale,2006,"Adventure, Action, Thriller",144,7.3,150000000.0,599045960.0,Martin Campbell,"Daniel Craig, Eva Green, Mads Mikkelsen, Judi Dench, Jeffrey Wright"
Casper,1995,"Fantasy, Comedy, Family",100,6.0,50000000.0,287928194.0,Brad Silberling,"Christina Ricci, Bill Pullman, Cathy Moriarty, Eric Idle, Joe Nipote"
Cast Away,2000,"Adventure, Drama",143,7.5,90000000.0,429632142.0,Robert Zemeckis,"Tom Hanks, Helen Hunt, Chris Noth, Paul Sanchez, Lari White"
Catch Me If You Can,2002,"Drama, Crime",141,7.7,52000000.0,352114312.0,Steven Spielberg,"Leonardo DiCaprio, Tom Hanks, Christopher Walken, Martin Sheen, Nathalie Baye"
Cats & Dogs,2001,"Comedy, Family",87,5.0,60000000.0,93375151.0,Lawrence Guterman,"Jeff Goldblum, Elizabeth Perkins, Alexander Pollock, Miriam Margolyes, Tobey Maguire"
Cats & Dogs 2 : The Revenge of Kitty Galore,2010,"Comedy, Family",82,4.9,85000000.0,112483764.0,Brad Peyton,"James Marsden, Nick Nolte, Christina Applegate, Bette Midler, Pascale Hutton"
Catwoman,2004,"Action, Crime",104,4.2,100000000.0,82102379.0,Pitof,"Halle Berry, Benjamin Bratt, Sharon Stone, Lambert Wilson, Frances Conroy"
Cellular,2004,"Action, Adventure, Crime, Thriller",94,6.1,25000000.0,56422687.0,David R. Ellis,"Chris Evans, Kim Basinger, Jason Statham, Jessica Biel, William H. Macy"
Central Intelligence,2016,"Action, Comedy",107,6.2,50000000.0,216972543.0,Rawson Marshall Thurber,"Dwayne Johnson, Kevin Hart, Amy Ryan, Aaron Paul, Danielle Nicolet"
Chain Reaction,1996,"Action, Drama, Science Fiction, Thriller",107,5.3,50000000.0,60209334.0,Andrew Davis,"Keanu Reeves, Morgan Freeman, Rachel Weisz, Fred Ward, Kevin Dunn"
Changeling,2008,"Crime, Drama, Mystery",141,7.3,55000000.0,113020255.0,Clint Eastwood,"Angelina Jolie, Jeffrey Donovan, John Malkovich, Geoff Pierson, Amy Ryan"
Changing Lanes,2002,"Action, Adventure, Crime, Thriller",89,5.9,45000000.0,94935764.0,Roger Michell,"Ben Affleck, Samuel L. Jackson, Kim Staunton, Toni Collette, Sydney Pollack"
Chappie,2015,"Crime, Action, Science Fiction",120,6.6,49000000.0,104399548.0,Neill Blomkamp,"Sharlto Copley, Dev Patel, Ninja, Yolandi Visser, Jose Pablo Cantillo"
Charlie St. Cloud,2010,Drama,99,6.8,44000000.0,48190704.0,Burr Steers,"Zac Efron, Amanda Crew, Charlie Tahan, Augustus Prew, Donal Logue"
Charlie Wilson's War,2007,"Comedy, Drama, History",102,6.5,75000000.0,119000410.0,Mike Nichols,"Tom Hanks, Philip Seymour Hoffman, Julia Roberts, Amy Adams, Om Puri"
Charlie and the Chocolate Factory,2005,"Adventure, Comedy, Family, Fantasy",115,6.7,150000000.0,474968763.0,Tim Burton,"Johnny Depp, Freddie Highmore, David Kelly, AnnaSophia Robb, Julia Winter"
Charlie's Angels,2000,"Action, Adventure, Comedy, Crime, Thriller",98,5.6,92000000.0,264105545.0,McG,"Cameron Diaz, Lucy Liu, Drew Barrymore, Bill Murray, John Forsythe"
Charlie's Angels: Full Throttle,2003,"Action, Adventure, Comedy",106,5.2,120000000.0,259175788.0,McG,"Cameron Diaz, Drew Barrymore, Lucy Liu, Bernie Mac, Robert Patrick"
Charlotte's Web,2006,"Comedy, Family, Fantasy",97,5.8,85000000.0,144000000.0,Gary Winick,"Julia Roberts, Steve Buscemi, John Cleese, Oprah Winfrey, Cedric the Entertainer"
Cheaper by the Dozen,2003,Comedy,98,6.0,40000000.0,190212113.0,Shawn Levy,"Steve Martin, Bonnie Hunt, Piper Perabo, Tom Welling, Hilary Duff"
Cheaper by the Dozen 2,2005,Comedy,94,5.7,60000000.0,129181830.0,Adam Shankman,"Steve Martin, Eugene Levy, Bonnie Hunt, Tom Welling, Jonathan Bennett"
Chicken Little,2005,"Animation, Family, Comedy",81,5.6,150000000.0,314432665.0,Mark Dindal,"Zach Braff, Joan Cusack, Dan Molina, Steve Zahn, Garry Marshall"
Chicken Run,2000,"Animation, Comedy, Family",84,6.5,45000000.0,224834564.0,"Nick Park, Peter Lord","Mel Gibson, Miranda Richardson, Timothy Spall, Imelda Staunton, Jane Horrocks"
Child 44,2015,"Crime, Thriller",137,6.1,50000000.0,3324330.0,Daniel Espinosa,"Tom Hardy, Gary Oldman, Noomi Rapace, Joel Kinnaman, Paddy Considine"
Children of Men,2006,"Drama, Action, Thriller, Science Fiction",109,7.4,76000000.0,69959751.0,Alfonso Cuarón,"Clive Owen, Michael Caine, Julianne Moore, Charlie Hunnam, Chiwetel Ejiofor"
Christmas with the Kranks,2004,"Comedy, Family",99,5.2,60000000.0,N/a,Joe Roth,"Tim Allen, Jamie Lee Curtis, Dan Aykroyd, M. Emmet Walsh, Elizabeth Franz"
Cinderella,2015,"Romance, Fantasy, Family, Drama",105,6.7,95000000.0,543514353.0,Kenneth Branagh,"Lily James, Cate Blanchett, Richard Madden, Helena Bonham Carter, Stellan Skarsgård"
Cinderella Man,2005,"Romance, Drama, History",144,7.3,88000000.0,108539911.0,Ron Howard,"Russell Crowe, Renée Zellweger, Paul Giamatti, Craig Bierko, Paddy Considine"
City of Angels,1998,"Drama, Fantasy, Romance",114,6.4,55000000.0,198685114.0,Brad Silberling,"Nicolas Cage, Meg Ryan, Andre Braugher, Dennis Franz, Colm Feore"
Clash of the Titans,2010,"Adventure, Fantasy, Action",106,5.6,125000000.0,232713139.0,Louis Leterrier,"Sam Worthington, Liam Neeson, Ralph Fiennes, Gemma Arterton, Jason Flemyng"
Clear and Present Danger,1994,"Action, Drama, Thriller",141,6.4,62000000.0,215887717.0,Phillip Noyce,"Harrison Ford, Willem Dafoe, Anne Archer, Joaquim de Almeida, Henry Czerny"
Cleopatra,1963,"Drama, History, Romance",248,6.7,31115000.0,71000000.0,Joseph L. Mankiewicz,"Elizabeth Taylor, Richard Burton, Rex Harrison, Roddy McDowall, Martin Landau"
Click,2006,"Comedy, Drama, Fantasy, Romance",107,6.0,82500000.0,237681299.0,Frank Coraci,"Adam Sandler, Kate Beckinsale, Christopher Walken, David Hasselhoff, Henry Winkler"
Cliffhanger,1993,"Action, Adventure, Thriller",112,6.1,70000000.0,255000211.0,Renny Harlin,"Sylvester Stallone, John Lithgow, Michael Rooker, Janine Turner, Rex Linn"
Cloud Atlas,2012,"Drama, Science Fiction",172,6.6,102000000.0,130482868.0,"Tom Tykwer, Lilly Wachowski, Lana Wachowski","Tom Hanks, Halle Berry, Jim Broadbent, Hugo Weaving, Jim Sturgess"
Cloudy with a Chance of Meatballs,2009,"Animation, Comedy, Family",90,6.5,100000000.0,242988466.0,"Phil Lord, Christopher Miller","Bill Hader, Anna Faris, James Caan, Mr. T, Benjamin Bratt"
Cloudy with a Chance of Meatballs 2,2013,"Animation, Family, Comedy",95,6.4,78000000.0,248384621.0,"Cody Cameron, Kris Pearn","Bill Hader, Anna Faris, James Caan, Will Forte, Andy Samberg"
Coach Carter,2005,Drama,136,7.3,30000000.0,76669806.0,Thomas Carter,"Samuel L. Jackson, Rob Brown, Robert Ri'chard, Rick Gonzalez, Channing Tatum"
Cold Mountain,2003,Drama,154,6.7,79000000.0,173013509.0,Anthony Minghella,"Jude Law, Nicole Kidman, Renée Zellweger, Eileen Atkins, Brendan Gleeson"
Collateral,2004,"Drama, Crime, Thriller",120,7.0,65000000.0,217764291.0,Michael Mann,"Tom Cruise, Jamie Foxx, Jada Pinkett Smith, Mark Ruffalo, Peter Berg"
Collateral Damage,2002,"Action, Thriller, Drama",108,5.5,85000000.0,78382433.0,Andrew Davis,"Arnold Schwarzenegger, Francesca Neri, Elias Koteas, Cliff Curtis, John Turturro"
Con Air,1997,"Action, Thriller, Crime",115,6.5,75000000.0,224012234.0,Simon West,"Nicolas Cage, John Cusack, John Malkovich, Ving Rhames, Nick Chinlund"
Conan the Barbarian,1982,"Adventure, Fantasy, Action",129,6.6,20000000.0,79114085.0,John Milius,"Arnold Schwarzenegger, James Earl Jones, Max von Sydow, Sandahl Bergman, Cassandra Gava"
Congo,1995,"Action, Adventure, Drama, Mystery, Science Fiction, Thriller",109,5.0,50000000.0,152022101.0,Frank Marshall,"Laura Linney, Dylan Walsh, Ernie Hudson, Tim Curry, Grant Heslov"
Conspiracy Theory,1997,"Action, Drama, Mystery, Thriller",135,6.5,75000000.0,136982834.0,Richard Donner,"Mel Gibson, Julia Roberts, Patrick Stewart, Cylk Cozart, Steve Kahan"
Contact,1997,"Drama, Science Fiction, Mystery",150,7.2,90000000.0,171120329.0,Robert Zemeckis,"Jodie Foster, Matthew McConaughey, James Woods, John Hurt, Tom Skerritt"
Contagion,2011,"Drama, Thriller, Science Fiction",106,6.2,60000000.0,137551594.0,Steven Soderbergh,"Matt Damon, Gwyneth Paltrow, Kate Winslet, Jude Law, Marion Cotillard"
Coraline,2009,"Animation, Family",100,7.3,60000000.0,124596398.0,Henry Selick,"Dakota Fanning, Teri Hatcher, Jennifer Saunders, Dawn French, Keith David"
Couples Retreat,2009,"Comedy, Romance",113,5.3,70000000.0,171844840.0,Peter Billingsley,"Vince Vaughn, Malin Åkerman, Jason Bateman, Kristen Bell, Jon Favreau"
Courage Under Fire,1996,"Drama, Thriller, Mystery, War",117,6.2,46000000.0,100860818.0,Edward Zwick,"Denzel Washington, Meg Ryan, Lou Diamond Phillips, Matt Damon, Michael Moriarty"
Coyote Ugly,2000,Comedy,100,5.8,45000000.0,113916474.0,David McNally,"Piper Perabo, Adam Garcia, John Goodman, Izabella Miko, Tyra Banks"
"Crazy, Stupid, Love.",2011,"Comedy, Drama, Romance",118,7.0,50000000.0,142851197.0,"Glenn Ficarra, John Requa","Steve Carell, Julianne Moore, Ryan Gosling, Emma Stone, Marisa Tomei"
Creepshow,1982,"Horror, Comedy, Fantasy",120,6.7,8000000.0,21028755.0,George A. Romero,"Hal Holbrook, Adrienne Barbeau, Fritz Weaver, Leslie Nielsen, Carrie Nye"
Crimson Tide,1995,"Action, Thriller, Drama",116,7.0,53000000.0,157387195.0,Tony Scott,"Denzel Washington, Gene Hackman, Matt Craven, George Dzundza, Viggo Mortensen"
Curious George,2006,"Adventure, Animation, Comedy, Family",86,6.2,50000000.0,69834815.0,Matthew O'Callaghan,"Will Ferrell, Drew Barrymore, David Cross, Eugene Levy, Dick Van Dyke"
Curse of the Golden Flower,2006,"Action, Drama, Fantasy",114,6.6,110.0,N/a,Zhang Yimou,"Chow Yun-fat, Gong Li, Jay Chou, Liu Ye, Qin Jun-Jie"
Cutthroat Island,1995,"Action, Adventure",119,5.7,98000000.0,10017322.0,Renny Harlin,"Geena Davis, Matthew Modine, Frank Langella, Maury Chaykin, Patrick Malahide"
D-Tox,2002,"Action, Thriller",96,5.3,55000000.0,6416302.0,Jim Gillespie,"Sylvester Stallone, Courtney B. Vance, Tom Berenger, Charles S. Dutton, Jeffrey Wright"
Daddy Day Care,2003,"Comedy, Family",92,5.6,60000000.0,164433867.0,Steve Carr,"Eddie Murphy, Jeff Garlin, Steve Zahn, Regina King, Kevin Nealon"
Daddy's Home,2015,Comedy,96,5.8,50000000.0,242786137.0,Sean Anders,"Will Ferrell, Mark Wahlberg, Linda Cardellini, Thomas Haden Church, Scarlett Estevez"
Dante's Peak,1997,"Action, Adventure, Thriller",108,5.7,116000000.0,178127760.0,Roger Donaldson,"Pierce Brosnan, Linda Hamilton, Jamie Renée Smith, Jeremy Foley, Elizabeth Hoffman"
Dark Shadows,2012,"Comedy, Fantasy",113,5.7,150000000.0,245527149.0,Tim Burton,"Johnny Depp, Michelle Pfeiffer, Helena Bonham Carter, Jackie Earle Haley, Jonny Lee Miller"
Dark Water,2005,"Drama, Horror, Thriller",105,5.3,30000000.0,25473093.0,Walter Salles,"Jennifer Connelly, John C. Reilly, Tim Roth, Dougray Scott, Pete Postlethwaite"
Date Night,2010,Comedy,97,5.9,55000000.0,152263880.0,Shawn Levy,"Tina Fey, Steve Carell, Mark Wahlberg, Taraji P. Henson, Jimmi Simpson"
Dawn of the Planet of the Apes,2014,"Science Fiction, Action, Drama, Thriller",130,7.3,170000000.0,710644566.0,Matt Reeves,"Andy Serkis, Jason Clarke, Gary Oldman, Keri Russell, Toby Kebbell"
Daylight,1996,"Action, Adventure, Thriller",115,5.8,80000000.0,159212469.0,Rob Cohen,"Sylvester Stallone, Amy Brenneman, Viggo Mortensen, Dan Hedaya, Jay O. Sanders"
Days of Thunder,1990,Adventure,107,5.9,60000000.0,157920733.0,Tony Scott,"Tom Cruise, Robert Duvall, Nicole Kidman, Randy Quaid, Cary Elwes"
Deadpool,2016,"Action, Adventure, Comedy",108,7.4,58000000.0,783112979.0,Tim Miller,"Ryan Reynolds, Morena Baccarin, Ed Skrein, T.J. Miller, Gina Carano"
Death Becomes Her,1992,"Fantasy, Comedy",104,6.3,55000000.0,149022650.0,Robert Zemeckis,"Meryl Streep, Bruce Willis, Goldie Hawn, Isabella Rossellini, Ian Ogilvy"
Death Race,2008,"Action, Thriller, Science Fiction",105,6.0,45000000.0,73762516.0,Paul W.S. Anderson,"Jason Statham, Joan Allen, Ian McShane, Tyrese Gibson, Natalie Martinez"
Death to Smoochy,2002,"Comedy, Crime, Drama, Thriller",109,5.9,55000000.0,N/a,Danny DeVito,"Robin Williams, Catherine Keener, Edward Norton, Danny DeVito, Jon Stewart"
Deck the Halls,2006,"Comedy, Family",93,5.1,N/a,47231070.0,John Whitesell,"Danny DeVito, Matthew Broderick, Kristin Davis, Kristin Chenoweth, Fred Armisen"
Deep Blue Sea,1999,"Action, Science Fiction, Thriller",105,5.6,60000000.0,73648228.0,Renny Harlin,"Thomas Jane, Saffron Burrows, LL Cool J, Michael Rapaport, Samuel L. Jackson"
Deep Impact,1998,"Action, Drama, Romance",120,5.9,75000000.0,140464664.0,Mimi Leder,"Robert Duvall, Téa Leoni, Elijah Wood, Vanessa Redgrave, Morgan Freeman"
Deep Rising,1998,"Adventure, Action, Horror, Science Fiction",106,6.0,45000000.0,11203026.0,Stephen Sommers,"Treat Williams, Famke Janssen, Anthony Heald, Kevin J. O'Connor, Una Damon"
Despicable Me,2010,"Animation, Family",95,7.1,69000000.0,543513985.0,"Pierre Coffin, Chris Renaud","Steve Carell, Jason Segel, Russell Brand, Julie Andrews, Will Arnett"
Despicable Me 2,2013,"Animation, Comedy, Family",98,7.0,76000000.0,970761885.0,"Pierre Coffin, Chris Renaud","Steve Carell, Kristen Wiig, Benjamin Bratt, Miranda Cosgrove, Russell Brand"
Dick Tracy,1990,"Adventure, Action, Comedy, Thriller, Crime",103,5.9,47000000.0,103738726.0,Warren Beatty,"Warren Beatty, Al Pacino, Madonna, Charlie Korsmo, Glenne Headly"
Did You Hear About the Morgans?,2009,Comedy,103,5.1,58000000.0,85280250.0,Marc Lawrence,"Hugh Grant, Sarah Jessica Parker, Mary Steenburgen, Sam Elliott, Natalia Klimas"
Die Another Day,2002,"Adventure, Action, Thriller",133,5.8,140000000.0,431971116.0,Lee Tamahori,"Pierce Brosnan, Halle Berry, Rosamund Pike, Rick Yune, Toby Stephens"
Die Hard 2,1990,"Action, Thriller",124,6.6,70000000.0,240031094.0,Renny Harlin,"Bruce Willis, Bonnie Bedelia, William Atherton, Reginald VelJohnson, Franco Nero"
Die Hard: With a Vengeance,1995,"Action, Thriller",128,6.9,90000000.0,366101666.0,John McTiernan,"Bruce Willis, Jeremy Irons, Samuel L. Jackson, Graham Greene, Colleen Camp"
Dinner for Schmucks,2010,Comedy,114,5.5,69000000.0,86387857.0,Jay Roach,"Steve Carell, Paul Rudd, Stephanie Szostak, Jemaine Clement, Zach Galifianakis"
Dinosaur,2000,"Animation, Family",82,6.2,127500000.0,354248063.0,"Ralph Zondag, Eric Leighton","D. B. Sweeney, Alfre Woodard, Ossie Davis, Max Casella, Hayden Panettiere"
Disclosure,1994,"Drama, Thriller, Crime, Mystery, Romance",123,5.9,55000000.0,214015089.0,Barry Levinson,"Michael Douglas, Demi Moore, Donald Sutherland, Dylan Baker, Jacqueline Kim"
Divergent,2014,"Adventure, Action, Science Fiction",139,6.9,85000000.0,288747895.0,Neil Burger,"Shailene Woodley, Theo James, Kate Winslet, Miles Teller, Ray Stevenson"
Django Unchained,2012,"Drama, Western",165,7.8,100000000.0,425368238.0,Quentin Tarantino,"Jamie Foxx, Christoph Waltz, Leonardo DiCaprio, Kerry Washington, Samuel L. Jackson"
Doctor Dolittle,1998,"Comedy, Family, Fantasy",85,5.4,71000000.0,294456605.0,Betty Thomas,"Eddie Murphy, Ossie Davis, Oliver Platt, Peter Boyle, Richard Schiff"
Domestic Disturbance,2001,"Mystery, Thriller, Crime",89,5.4,75000000.0,54249294.0,Harold Becker,"John Travolta, Vince Vaughn, Teri Polo, Matt O'Leary, Steve Buscemi"
Domino,2005,"Action, Crime",127,6.0,50000000.0,22944502.0,Tony Scott,"Keira Knightley, Mickey Rourke, Edgar Ramírez, Delroy Lindo, Mo'Nique"
Don't Say a Word,2001,Thriller,113,6.0,50000000.0,100020092.0,Gary Fleder,"Michael Douglas, Sean Bean, Brittany Murphy, Skye McCole Bartusiak, Guy Torry"
Doom,2005,"Adventure, Action, Horror",105,5.0,60000000.0,55987321.0,Andrzej Bartkowiak,"Dwayne Johnson, Karl Urban, Rosamund Pike, Ben Daniels, Deobia Oparei"
Double Jeopardy,1999,"Crime, Drama, Mystery, Thriller",105,6.2,70000000.0,177841558.0,Bruce Beresford,"Tommy Lee Jones, Ashley Judd, Bruce Greenwood, Annabeth Gish, Benjamin Weir"
Dr. Dolittle 2,2001,"Comedy, Family, Romance, Fantasy",87,4.9,70000000.0,176104344.0,Steve Carr,"Eddie Murphy, Kristen Wilson, Raven-Symoné, Kyla Pratt, Mandy Moore"
Dracula,1992,"Romance, Horror",128,7.1,40000000.0,215862692.0,Francis Ford Coppola,"Gary Oldman, Winona Ryder, Anthony Hopkins, Keanu Reeves, Richard E. Grant"
Dracula Untold,2014,"Horror, Action, Drama, Fantasy, War",92,6.2,70000000.0,215529201.0,Gary Shore,"Luke Evans, Sarah Gadon, Dominic Cooper, Art Parkinson, Charles Dance"
Dragon Blade,2015,"Action, Drama, Adventure",127,5.9,65000000.0,121545703.0,Daniel Lee,"Jackie Chan, John Cusack, Adrien Brody, Sharni Vinson, Benny Urquidez"
DragonHeart,1996,Fantasy,103,6.4,57000000.0,115267375.0,Rob Cohen,"Dennis Quaid, David Thewlis, Pete Postlethwaite, Dina Meyer, Julie Christie"
Dragonfly,2002,Drama,104,6.1,60000000.0,52322400.0,Tom Shadyac,"Kevin Costner, Joe Morton, Ron Rifkin, Susanna Thompson, Kathy Bates"
Dream House,2011,"Drama, Thriller, Mystery",84,5.8,50000000.0,38502340.0,Jim Sheridan,"Daniel Craig, Naomi Watts, Rachel Weisz, Marton Csokas, Elias Koteas"
Dreamcatcher,2003,"Drama, Horror, Science Fiction, Thriller",136,5.3,68000000.0,75715436.0,Lawrence Kasdan,"Morgan Freeman, Thomas Jane, Jason Lee, Damian Lewis, Timothy Olyphant"
Dreamgirls,2006,Drama,134,6.6,70000000.0,154937680.0,Bill Condon,"Jamie Foxx, Beyoncé Knowles, Eddie Murphy, Danny Glover, Jennifer Hudson"
Dredd,2012,"Action, Science Fiction",95,6.6,50000000.0,41037742.0,Pete Travis,"Karl Urban, Olivia Thirlby, Lena Headey, Wood Harris, Jason Cope"
Drive Angry,2011,"Fantasy, Thriller, Action, Crime",105,5.3,50000000.0,28931401.0,Patrick Lussier,"Nicolas Cage, Amber Heard, William Fichtner, Billy Burke, David Morse"
Driven,2001,Action,116,4.5,94000000.0,54744738.0,Renny Harlin,"Kip Pardue, Robert Sean Leonard, Til Schweiger, Estella Warren, Sylvester Stallone"
Due Date,2010,"Comedy, Drama",95,6.2,65000000.0,211780824.0,Todd Phillips,"Robert Downey Jr., Zach Galifianakis, Michelle Monaghan, Jamie Foxx, Juliette Lewis"
Dumb and Dumber To,2014,Comedy,110,5.4,40000000.0,169837010.0,"Bobby Farrelly, Peter Farrelly","Jim Carrey, Jeff Daniels, Rachel Melvin, Kathleen Turner, Brady Bluhm"
Dune,1984,"Action, Science Fiction, Adventure",137,6.5,40000000.0,30925690.0,David Lynch,"Kyle MacLachlan, Francesca Annis, Leonardo Cimino, Brad Dourif, José Ferrer"
Duplicity,2009,"Romance, Comedy, Crime",125,5.7,78146652.0,60000000.0,Tony Gilroy,"Clive Owen, Julia Roberts, Paul Giamatti, Tom Wilkinson, Lisa Roberts Gillan"
Déjà Vu,1998,"Romance, Drama",117,8.0,N/a,N/a,Henry Jaglom,"Stephen Dillane, Victoria Foyt, Vanessa Redgrave, Michael Brandon, Glynis Barber"
Eagle Eye,2008,"Mystery, Thriller, Action",118,6.3,80000000.0,178066569.0,D.J. Caruso,"Shia LaBeouf, Michelle Monaghan, Rosario Dawson, Michael Chiklis, Anthony Mackie"
Earth,1998,Drama,101,6.6,N/a,528972.0,Deepa Mehta,"Aamir Khan, Nandita Das, Maia Sethna, Kitu Gidwani, Arif Zakaria"
Eastern Promises,2007,"Thriller, Crime, Mystery",100,7.2,51500000.0,55112356.0,David Cronenberg,"Naomi Watts, Viggo Mortensen, Vincent Cassel, Armin Mueller-Stahl, Sinéad Cusack"
Eat Pray Love,2010,Drama,133,5.8,60000000.0,204594016.0,Ryan Murphy,"Julia Roberts, James Franco, Javier Bardem, Billy Crudup, Richard Jenkins"
Edge of Darkness,2010,"Crime, Drama, Mystery, Thriller",117,6.2,80000000.0,74901339.0,Martin Campbell,"Mel Gibson, Ray Winstone, Danny Huston, Shawn Roberts, Denis O'Hare"
Edge of Tomorrow,2014,"Action, Science Fiction",113,7.6,178000000.0,370541256.0,Doug Liman,"Tom Cruise, Emily Blunt, Brendan Gleeson, Bill Paxton, Jonas Armstrong"
Edtv,1999,Comedy,122,5.7,80000000.0,N/a,Ron Howard,"Matthew McConaughey, Woody Harrelson, Sally Kirkland, Jenna Elfman, Martin Landau"
Eight Below,2006,"Adventure, Drama, Family",120,6.7,40000000.0,120455994.0,Frank Marshall,"Paul Walker, Bruce Greenwood, Moon Bloodgood, Jason Biggs, Gerard Plunkett"
Elektra,2005,"Action, Fantasy",97,4.8,43000000.0,56681566.0,Rob Bowman,"Jennifer Garner, Goran Visnjic, Will Yun Lee, Cary-Hiroyuki Tagawa, Terence Stamp"
Elizabeth: The Golden Age,2007,"Drama, History, Romance",114,6.6,55000000.0,74237563.0,Shekhar Kapur,"Cate Blanchett, Clive Owen, Geoffrey Rush, Laurence Fox, Tom Hollander"
Elizabethtown,2005,"Comedy, Drama, Romance",123,6.1,57000000.0,52034889.0,Cameron Crowe,"Orlando Bloom, Kirsten Dunst, Susan Sarandon, Alec Baldwin, Bruce McGill"
Elysium,2013,"Science Fiction, Action, Drama, Thriller",109,6.4,115000000.0,286140700.0,Neill Blomkamp,"Matt Damon, Jodie Foster, Sharlto Copley, Alice Braga, Diego Luna"
Enchanted,2007,"Comedy, Family, Fantasy, Romance",107,6.6,85000000.0,340487652.0,Kevin Lima,"Amy Adams, Patrick Dempsey, James Marsden, Timothy Spall, Rachel Covey"
End of Days,1999,"Action, Fantasy, Horror, Mystery",121,5.5,100000000.0,211989043.0,Peter Hyams,"Arnold Schwarzenegger, Gabriel Byrne, Kevin Pollak, Robin Tunney, CCH Pounder"
Ender's Game,2013,"Science Fiction, Action, Adventure",114,6.6,110000000.0,125537191.0,Gavin Hood,"Asa Butterfield, Harrison Ford, Hailee Steinfeld, Abigail Breslin, Ben Kingsley"
Enemy at the Gates,2001,War,131,7.2,68000000.0,96976270.0,Jean-Jacques Annaud,"Jude Law, Rachel Weisz, Ed Harris, Joseph Fiennes, Bob Hoskins"
Enemy of the State,1998,"Action, Drama, Thriller",132,6.7,90000000.0,250649836.0,Tony Scott,"Will Smith, Gene Hackman, Jon Voight, Regina King, Ian Hart"
Entrapment,1999,"Romance, Drama, Mystery",112,6.0,66000000.0,212404396.0,Jon Amiel,"Sean Connery, Catherine Zeta-Jones, Will Patton, Maury Chaykin, Ving Rhames"
Epic,2013,"Animation, Adventure, Family, Fantasy",102,6.4,100000000.0,268426634.0,Chris Wedge,"Josh Hutcherson, Amanda Seyfried, Colin Farrell, Jason Sudeikis, Aziz Ansari"
Eragon,2006,"Fantasy, Action, Adventure, Family",104,4.9,100000000.0,249288105.0,Stefen Fangmeier,"Ed Speleers, Jeremy Irons, Sienna Guillory, Robert Carlyle, Djimon Hounsou"
Eraser,1996,"Action, Drama, Mystery, Thriller",115,5.6,100000000.0,242295562.0,Chuck Russell,"Arnold Schwarzenegger, James Caan, Vanessa Williams, James Coburn, Robert Pastorelli"
Erin Brockovich,2000,Drama,131,7.1,52000000.0,256271286.0,Steven Soderbergh,"Julia Roberts, Albert Finney, Aaron Eckhart, Marg Helgenberger, Cherry Jones"
Escape Plan,2013,"Action, Thriller",115,6.7,50000000.0,122915111.0,Mikael Håfström,"Sylvester Stallone, Arnold Schwarzenegger, Jim Caviezel, Vinnie Jones, 50 Cent"
Escape from L.A.,1996,"Action, Adventure, Science Fiction, Thriller",97,5.6,50000000.0,42277365.0,John Carpenter,"Kurt Russell, Stacy Keach, Steve Buscemi, Pam Grier, Cliff Robertson"
Escape from Planet Earth,2013,"Animation, Comedy, Adventure, Family, Science Fiction",89,5.7,40000000.0,74597643.0,Callan Brunker,"Brendan Fraser, Rob Corddry, Ricky Gervais, Jessica Alba, Sarah Jessica Parker"
Evan Almighty,2007,"Fantasy, Comedy, Family",96,5.3,175000000.0,173000000.0,Tom Shadyac,"Steve Carell, Lauren Graham, John Goodman, Jimmy Bennett, John Michael Higgins"
Event Horizon,1997,"Horror, Science Fiction, Mystery",96,6.5,60000000.0,26673242.0,Paul W.S. Anderson,"Laurence Fishburne, Sam Neill, Kathleen Quinlan, Joely Richardson, Richard T. Jones"
Everest,2015,"Adventure, Drama",121,6.7,55000000.0,203427584.0,Baltasar Kormákur,"Jason Clarke, Jake Gyllenhaal, Josh Brolin, John Hawkes, Sam Worthington"
Evita,1996,"History, Drama, Music",134,5.9,55000000.0,141047179.0,Alan Parker,"Madonna, Antonio Banderas, Jonathan Pryce, Jimmy Nail, Victoria Sus"
Evolution,2015,"Mystery, Drama, Horror",81,6.4,N/a,N/a,Lucile Hadzihalilovic,"Max Brebant, Roxane Duran, Julie-Marie Parmentier, Mathieu Goldfeld, Nissim Renard"
Executive Decision,1996,"Action, Adventure, Drama, Thriller",133,5.8,55000000.0,121969216.0,Stuart Baird,"Kurt Russell, Steven Seagal, Halle Berry, John Leguizamo, Oliver Platt"
Exodus: Gods and Kings,2014,"Adventure, Drama, Action",150,5.6,140000000.0,268031828.0,Ridley Scott,"Christian Bale, Joel Edgerton, John Turturro, Aaron Paul, Ben Mendelsohn"
Exorcist: The Beginning,2004,"Horror, Mystery, Thriller",114,4.7,80000000.0,78000586.0,Renny Harlin,"Stellan Skarsgård, Izabella Scorupco, James D'Arcy, Julian Wadham, Remy Sweeney"
Eyes Wide Shut,1999,"Mystery, Drama",159,7.1,65000000.0,162091208.0,Stanley Kubrick,"Tom Cruise, Nicole Kidman, Madison Eginton, Jackie Sawiris, Sydney Pollack"
Face/Off,1997,"Action, Crime, Science Fiction, Thriller",138,6.8,80000000.0,245676146.0,John Woo,"John Travolta, Nicolas Cage, Joan Allen, Alessandro Nivola, Gina Gershon"
Failure to Launch,2006,Comedy,97,5.5,50000000.0,88715192.0,Tom Dey,"Matthew McConaughey, Sarah Jessica Parker, Zooey Deschanel, Justin Bartha, Bradley Cooper"
Fair Game,2010,"Drama, Thriller",108,6.5,22000000.0,24188922.0,Doug Liman,"Naomi Watts, Sean Penn, Ty Burrell, Brooke Smith, Bruce McGill"
Fantasia 2000,1999,"Animation, Family, Music",74,7.0,80000000.0,90874570.0,"James Algar, Don Hahn, Gaëtan Brizzi, Paul Brizzi, Eric Goldberg, Hendel Butoy, Francis Glebas, Pixote Hunt","Steve Martin, Itzhak Perlman, Quincy Jones, Bette Midler, James Earl Jones"
Fantastic 4: Rise of the Silver Surfer,2007,"Adventure, Fantasy, Action, Thriller",92,5.4,130000000.0,289047763.0,Tim Story,"Ioan Gruffudd, Jessica Alba, Chris Evans, Michael Chiklis, Julian McMahon"
Fantastic Four,2015,"Action, Adventure, Science Fiction",100,4.4,120000000.0,167977596.0,Josh Trank,"Miles Teller, Kate Mara, Michael B. Jordan, Jamie Bell, Toby Kebbell"
Fast Five,2011,"Action, Thriller, Crime",130,7.1,125000000.0,626137675.0,Justin Lin,"Vin Diesel, Paul Walker, Jordana Brewster, Tyrese Gibson, Ludacris"
Fat Albert,2004,"Comedy, Drama, Family",93,4.3,N/a,N/a,Joel Zwick,"Kenan Thompson, Shedrack Anderson III, Jermaine Williams, Keith Robinson, Alphonso McAuley"
Fifty Shades of Grey,2015,"Drama, Romance, Thriller",125,5.2,40000000.0,571006128.0,Sam Taylor-Johnson,"Dakota Johnson, Jamie Dornan, Jennifer Ehle, Eloise Mumford, Victor Rasuk"
Fight Club,1999,Drama,139,8.3,63000000.0,100853753.0,David Fincher,"Edward Norton, Brad Pitt, Meat Loaf, Jared Leto, Helena Bonham Carter"
Final Fantasy: The Spirits Within,2001,"Adventure, Action, Animation, Fantasy, Science Fiction, Thriller",106,5.9,137000000.0,85131830.0,"Hironobu Sakaguchi, Motonori Sakakibara","Donald Sutherland, Ming-Na Wen, Alec Baldwin, Ving Rhames, Steve Buscemi"
Finding Forrester,2000,Drama,136,7.0,43000000.0,80049764.0,Gus Van Sant,"Sean Connery, Rob Brown, F. Murray Abraham, Anna Paquin, Busta Rhymes"
Finding Nemo,2003,"Animation, Family",100,7.6,94000000.0,940335536.0,Andrew Stanton,"Albert Brooks, Ellen DeGeneres, Alexander Gould, Willem Dafoe, Brad Garrett"
Firewall,2006,Thriller,105,5.6,45000000.0,82800000.0,Richard Loncraine,"Harrison Ford, Paul Bettany, Virginia Madsen, Carly Schroeder, Jimmy Bennett"
First Blood,1982,"Action, Adventure, Thriller, War",93,7.2,15000000.0,125212904.0,Ted Kotcheff,"Sylvester Stallone, Richard Crenna, Brian Dennehy, Bill McKinney, Jack Starrett"
First Knight,1995,"Action, Adventure, Drama, Romance",134,5.9,55000000.0,127600435.0,Jerry Zucker,"Sean Connery, Richard Gere, Julia Ormond, Ben Cross, Liam Cunningham"
Flags of Our Fathers,2006,"War, Drama, History",132,6.7,90000000.0,65900249.0,Clint Eastwood,"Ryan Phillippe, Adam Beach, Jesse Bradford, John Benjamin Hickey, John Slattery"
Flight of the Phoenix,2004,"Action, Adventure, Drama, Thriller",113,5.7,45000000.0,21009180.0,John Moore,"Dennis Quaid, Tyrese Gibson, Giovanni Ribisi, Miranda Otto, Hugh Laurie"
Flightplan,2005,"Thriller, Drama, Mystery",98,6.1,55000000.0,223387299.0,Robert Schwentke,"Jodie Foster, Peter Sarsgaard, Sean Bean, Kate Beahan, Michael Irby"
Flubber,1997,"Comedy, Family, Science Fiction",93,5.3,80000000.0,177977226.0,Les Mayfield,"Robin Williams, Marcia Gay Harden, Christopher McDonald, Raymond J. Barry, Clancy Brown"
Flushed Away,2006,"Adventure, Animation, Comedy, Family",85,6.0,149000000.0,64459316.0,"David Bowers, Sam Fell","Hugh Jackman, Kate Winslet, Ian McKellen, Jean Reno, Bill Nighy"
Flyboys,2006,"Action, Adventure, Drama, History, Romance, War",140,6.3,60000000.0,17800000.0,Tony Bill,"James Franco, David Ellison, Jean Reno, Philip Winchester, Abdul Salis"
Focus,2015,"Romance, Comedy, Crime, Drama",105,6.7,50100000.0,153962963.0,"Glenn Ficarra, John Requa","Will Smith, Margot Robbie, Rodrigo Santoro, Robert Taylor, Gerald McRaney"
Foodfight!,2012,"Animation, Action, Comedy, Family",87,2.3,65000000.0,73706.0,Lawrence Kasanoff,"Charlie Sheen, Wayne Brady, Hilary Duff, Eva Longoria, Christopher Lloyd"
Fool's Gold,2008,"Romance, Comedy, Adventure",112,5.4,70000000.0,111231041.0,Andy Tennant,"Matthew McConaughey, Kate Hudson, Donald Sutherland, Ewen Bremner, Alexis Dziena"
For Love of the Game,1999,"Drama, Romance",137,6.3,50000000.0,N/a,Sam Raimi,"Kevin Costner, Kelly Preston, John C. Reilly, Jena Malone, J.K. Simmons"
Forrest Gump,1994,"Comedy, Drama, Romance",142,8.2,55000000.0,677945399.0,Robert Zemeckis,"Tom Hanks, Robin Wright, Gary Sinise, Mykelti Williamson, Sally Field"
Four Christmases,2008,"Comedy, Romance, Drama",88,5.3,80000000.0,163733697.0,Seth Gordon,"Vince Vaughn, Reese Witherspoon, Robert Duvall, Sissy Spacek, Jon Voight"
Free Birds,2013,"Animation, Comedy, Family",91,5.7,55000000.0,110000000.0,Jimmy Hayward,"Owen Wilson, Woody Harrelson, Amy Poehler, George Takei, Colm Meaney"
Free State of Jones,2016,"War, Action, Drama, History, Thriller",139,6.6,50000000.0,25035950.0,Gary Ross,"Matthew McConaughey, Gugu Mbatha-Raw, Mahershala Ali, Keri Russell, Jacob Lofland"
From Hell,2001,"Horror, Mystery, Thriller",122,6.6,35000000.0,74558115.0,"Albert Hughes, Allen Hughes","Johnny Depp, Heather Graham, Ian Holm, Robbie Coltrane, Ian Richardson"
From Paris with Love,2010,"Action, Crime, Thriller",92,6.1,52000000.0,52826594.0,Pierre Morel,"John Travolta, Jonathan Rhys Meyers, Kasia Smutniak, Richard Durden, Bing Yin"
Frozen,2013,"Animation, Adventure, Family",102,7.3,150000000.0,1274219009.0,"Chris Buck, Jennifer Lee","Kristen Bell, Idina Menzel, Jonathan Groff, Josh Gad, Santino Fontana"
Fun with Dick and Jane,2005,Comedy,90,5.9,100000000.0,202026112.0,Dean Parisot,"Jim Carrey, Téa Leoni, Alec Baldwin, Richard Jenkins, Angie Harmon"
Funny People,2009,"Comedy, Drama",146,5.7,75000000.0,61458982.0,Judd Apatow,"Adam Sandler, Seth Rogen, Leslie Mann, Eric Bana, Jonah Hill"
Furious 7,2015,Action,137,7.3,190000000.0,1506249360.0,James Wan,"Vin Diesel, Paul Walker, Dwayne Johnson, Michelle Rodriguez, Tyrese Gibson"
Fury,2014,"War, Drama, Action",135,7.4,68000000.0,211817906.0,David Ayer,"Brad Pitt, Shia LaBeouf, Logan Lerman, Michael Peña, Jon Bernthal"
G-Force,2009,"Fantasy, Action, Adventure, Family, Comedy",88,5.1,150000000.0,292817841.0,Hoyt Yeatman,"Sam Rockwell, Penélope Cruz, Tracy Morgan, Jon Favreau, Steve Buscemi"
G.I. Jane,1997,"Action, Drama",125,6.0,50000000.0,48169156.0,Ridley Scott,"Demi Moore, Viggo Mortensen, Anne Bancroft, Jason Beghe, Daniel von Bargen"
G.I. Joe: Retaliation,2013,"Adventure, Action, Science Fiction, Thriller",110,5.4,130000000.0,371876278.0,Jon M. Chu,"Dwayne Johnson, D.J. Cotrona, Adrianne Palicki, Bruce Willis, Ray Park"
G.I. Joe: The Rise of Cobra,2009,"Adventure, Action, Thriller, Science Fiction",118,5.6,175000000.0,302469017.0,Stephen Sommers,"Dennis Quaid, Channing Tatum, Marlon Wayans, Sienna Miller, Joseph Gordon-Levitt"
Galaxy Quest,1999,"Comedy, Family, Science Fiction",102,6.9,45000000.0,90683916.0,Dean Parisot,"Tim Allen, Sigourney Weaver, Alan Rickman, Tony Shalhoub, Sam Rockwell"
Gamer,2009,"Action, Thriller, Science Fiction",95,5.6,50000000.0,40828540.0,"Brian Taylor, Mark Neveldine","Gerard Butler, Michael C. Hall, Logan Lerman, Amber Valletta, Terry Crews"
Gangs of New York,2002,"Drama, History, Crime",167,7.1,100000000.0,193772504.0,Martin Scorsese,"Leonardo DiCaprio, Daniel Day-Lewis, Cameron Diaz, Liam Neeson, Brendan Gleeson"
Gangster Squad,2013,"Crime, Drama, Action, Thriller",113,6.2,60000000.0,105200903.0,Ruben Fleischer,"Josh Brolin, Ryan Gosling, Nick Nolte, Emma Stone, Sean Penn"
Garfield,2004,"Animation, Comedy, Family",80,5.2,50000000.0,200804534.0,Peter Hewitt,"Bill Murray, Breckin Meyer, Jennifer Love Hewitt, Stephen Tobolowsky, Evan Arnold"
Garfield: A Tail of Two Kitties,2006,"Animation, Comedy, Family",78,5.1,N/a,141702264.0,Tim Hill,"Bill Murray, Jennifer Love Hewitt, Billy Connolly, Ian Abercrombie, Breckin Meyer"
George of the Jungle,1997,"Adventure, Comedy, Family, Romance",92,5.4,55000000.0,N/a,Sam Weisman,"Brendan Fraser, Leslie Mann, Thomas Haden Church, John Cleese, Richard Roundtree"
Get Hard,2015,Comedy,100,5.9,40000000.0,111811453.0,Etan Cohen,"Will Ferrell, Kevin Hart, Alison Brie, Craig T. Nelson, T.I."
Get Him to the Greek,2010,Comedy,109,5.9,40000000.0,90029656.0,Nicholas Stoller,"Jonah Hill, Russell Brand, Rose Byrne, Elisabeth Moss, Colm Meaney"
Get Smart,2008,"Action, Comedy, Thriller",110,6.0,80000000.0,230685453.0,Peter Segal,"Steve Carell, Anne Hathaway, Dwayne Johnson, Alan Arkin, Terence Stamp"
Ghost Rider,2007,"Thriller, Action, Fantasy, Horror",114,5.2,110000000.0,228738393.0,Mark Steven Johnson,"Nicolas Cage, Eva Mendes, Wes Bentley, Donal Logue, Sam Elliott"
Ghost Rider: Spirit of Vengeance,2011,"Action, Fantasy, Thriller",95,4.7,57000000.0,149217355.0,"Brian Taylor, Mark Neveldine","Nicolas Cage, Ciarán Hinds, Violante Placido, Fergus Riordan, Johnny Whitworth"
Ghostbusters,2016,"Action, Fantasy, Comedy",116,5.3,144000000.0,229147509.0,Paul Feig,"Melissa McCarthy, Kristen Wiig, Kate McKinnon, Leslie Jones, Chris Hemsworth"
Gigli,2003,Drama,121,3.5,54000000.0,7266209.0,Martin Brest,"Ben Affleck, Jennifer Lopez, Justin Bartha, Lainie Kazan, Lenny Venito"
Gladiator,2000,"Action, Drama, Adventure",155,7.9,103000000.0,457640427.0,Ridley Scott,"Russell Crowe, Joaquin Phoenix, Connie Nielsen, Oliver Reed, Richard Harris"
Gods and Generals,2003,"Drama, History, War",214,6.1,56000000.0,12923936.0,Ronald F. Maxwell,"Stephen Lang, Jeff Daniels, Robert Duvall, Kevin Conway, C. Thomas Howell"
Gods of Egypt,2016,Fantasy,127,5.3,140000000.0,150680864.0,Alex Proyas,"Brenton Thwaites, Nikolaj Coster-Waldau, Gerard Butler, Courtney Eaton, Elodie Yung"
GoldenEye,1995,"Adventure, Action, Thriller",130,6.6,58000000.0,352194034.0,Martin Campbell,"Pierce Brosnan, Sean Bean, Izabella Scorupco, Famke Janssen, Joe Don Baker"
Gone Girl,2014,"Mystery, Thriller, Drama",145,7.9,61000000.0,369330363.0,David Fincher,"Ben Affleck, Rosamund Pike, Carrie Coon, Neil Patrick Harris, Tyler Perry"
Gone in Sixty Seconds,2000,"Action, Crime, Thriller",118,6.1,90000000.0,237202299.0,Dominic Sena,"Nicolas Cage, Angelina Jolie, Giovanni Ribisi, Delroy Lindo, Will Patton"
Goosebumps,2015,"Adventure, Horror, Comedy",103,6.2,58000000.0,158162788.0,Rob Letterman,"Jack Black, Dylan Minnette, Odeya Rush, Amy Ryan, Jillian Bell"
Gravity,2013,"Science Fiction, Thriller, Drama",91,7.3,105000000.0,716392705.0,Alfonso Cuarón,"Sandra Bullock, George Clooney, Ed Harris, Orto Ignatiussen, Phaldut Sharma"
Green Lantern,2011,"Adventure, Action, Thriller, Science Fiction",114,5.1,200000000.0,219851172.0,Martin Campbell,"Ryan Reynolds, Blake Lively, Peter Sarsgaard, Tim Robbins, Mark Strong"
Green Zone,2010,"War, Action, Adventure, Drama, Thriller",115,6.4,100000000.0,94882889.0,Paul Greengrass,"Matt Damon, Greg Kinnear, Brendan Gleeson, Amy Ryan, Jason Isaacs"
Gremlins 2: The New Batch,1990,"Comedy, Horror, Fantasy",106,6.2,50000000.0,41482207.0,Joe Dante,"Zach Galligan, Phoebe Cates, John Glover, Robert Prosky, Robert Picardo"
Grindhouse,2007,"Thriller, Action, Horror",191,6.8,67000000.0,25037897.0,"Robert Rodriguez, Quentin Tarantino, Edgar Wright, Eli Roth, Rob Zombie, Jason Eisener","Kurt Russell, Zoë Bell, Rosario Dawson, Vanessa Ferlito, Sydney Tamiia Poitier"
Grown Ups,2010,Comedy,102,6.0,80000000.0,271430189.0,Dennis Dugan,"Adam Sandler, Salma Hayek, Maria Bello, Steve Buscemi, Maya Rudolph"
Grown Ups 2,2013,Comedy,100,5.8,80000000.0,246984278.0,Dennis Dugan,"Adam Sandler, Kevin James, Chris Rock, David Spade, Salma Hayek"
Guardians of the Galaxy,2014,"Action, Science Fiction, Adventure",121,7.9,170000000.0,773328629.0,James Gunn,"Chris Pratt, Zoe Saldana, Dave Bautista, Vin Diesel, Bradley Cooper"
Gulliver's Travels,2010,Comedy,85,4.9,112000000.0,237382724.0,Rob Letterman,"Jack Black, Amanda Peet, Emily Blunt, Jason Segel, Chris O'Dowd"
Hairspray,2007,"Family, Comedy, Music, Romance",117,6.5,50000000.0,90450008.0,Adam Shankman,"John Travolta, Michelle Pfeiffer, Christopher Walken, James Marsden, Queen Latifah"
Hall Pass,2011,Comedy,105,5.4,36000000.0,83160734.0,"Bobby Farrelly, Peter Farrelly","Owen Wilson, Jason Sudeikis, Jenna Fischer, Christina Applegate, Nicky Whelan"
Hancock,2008,"Fantasy, Action",92,6.2,150000000.0,624029371.0,Peter Berg,"Will Smith, Charlize Theron, Jason Bateman, Jae Head, Eddie Marsan"
Hannibal Rising,2007,"Crime, Drama, Thriller",121,6.0,50000000.0,82169884.0,Peter Webber,"Gaspard Ulliel, Aaran Thomas, Gong Li, Dominic West, Rhys Ifans"
Hansel & Gretel: Witch Hunters,2013,"Fantasy, Horror, Action",88,5.7,50000000.0,224803475.0,Tommy Wirkola,"Jeremy Renner, Gemma Arterton, Famke Janssen, Pihla Viitala, Derek Mears"
Happily N'Ever After,2006,"Animation, Comedy, Family, Fantasy, Science Fiction",75,4.6,47000000.0,38085778.0,"Yvette Kaplan, Paul Bolger, Greg Tiernan","George Carlin, Andy Dick, Sarah Michelle Gellar, Lisa Kaplan, Michael McShane"
Happy Feet,2006,"Animation, Comedy",108,5.9,100000000.0,384335608.0,George Miller,"Elijah Wood, Robin Williams, Brittany Murphy, Hugh Jackman, Nicole Kidman"
Happy Feet Two,2011,"Animation, Comedy, Family",100,5.8,130000000.0,150406466.0,George Miller,"Elijah Wood, Robin Williams, Pink, E.G. Daily, Johnny A. Sanchez"
Hard Rain,1998,Thriller,97,5.5,70000000.0,19870567.0,Mikael Salomon,"Morgan Freeman, Christian Slater, Randy Quaid, Minnie Driver, Ed Asner"
Harry Potter and the Chamber of Secrets,2002,"Adventure, Fantasy, Family",161,7.4,100000000.0,876688482.0,Chris Columbus,"Daniel Radcliffe, Rupert Grint, Emma Watson, Richard Harris, Alan Rickman"
Harry Potter and the Goblet of Fire,2005,"Adventure, Fantasy, Family",157,7.5,150000000.0,895921036.0,Mike Newell,"Daniel Radcliffe, Rupert Grint, Emma Watson, Ralph Fiennes, Michael Gambon"
Harry Potter and the Half-Blood Prince,2009,"Adventure, Fantasy, Family",153,7.4,250000000.0,933959197.0,David Yates,"Daniel Radcliffe, Rupert Grint, Emma Watson, Tom Felton, Michael Gambon"
Harry Potter and the Order of the Phoenix,2007,"Adventure, Fantasy, Family, Mystery",138,7.4,150000000.0,938212738.0,David Yates,"Daniel Radcliffe, Rupert Grint, Emma Watson, Michael Gambon, Ralph Fiennes"
Harry Potter and the Philosopher's Stone,2001,"Adventure, Fantasy, Family",152,7.5,125000000.0,976475550.0,Chris Columbus,"Daniel Radcliffe, Rupert Grint, Emma Watson, Richard Harris, Tom Felton"
Harry Potter and the Prisoner of Azkaban,2004,"Adventure, Fantasy, Family",141,7.7,130000000.0,789804554.0,Alfonso Cuarón,"Daniel Radcliffe, Rupert Grint, Emma Watson, Gary Oldman, David Thewlis"
Hart's War,2002,"Drama, War",125,5.9,70000000.0,32287044.0,Gregory Hoblit,"Bruce Willis, Colin Farrell, Terrence Howard, Marcel Iureș, Cole Hauser"
He's Just Not That Into You,2009,"Comedy, Romance, Drama",129,6.2,40000000.0,177259441.0,Ken Kwapis,"Ben Affleck, Jennifer Aniston, Drew Barrymore, Jennifer Connelly, Kevin Connolly"
Heaven's Gate,1980,"Action, Drama, History, Western",219,6.4,44000000.0,3484331.0,Michael Cimino,"Kris Kristofferson, Christopher Walken, John Hurt, Isabelle Huppert, Sam Waterston"
Hellboy,2004,"Fantasy, Action, Science Fiction",122,6.5,66000000.0,99318987.0,Guillermo del Toro,"Ron Perlman, Selma Blair, Rupert Evans, John Hurt, Jeffrey Tambor"
Hellboy II: The Golden Army,2008,"Adventure, Fantasy, Science Fiction",120,6.5,85000000.0,160388063.0,Guillermo del Toro,"Ron Perlman, Selma Blair, Jeffrey Tambor, Doug Jones, John Hurt"
Herbie Fully Loaded,2005,"Comedy, Family, Adventure, Fantasy, Romance",101,5.1,50000000.0,66002004.0,Angela Robinson,"Lindsay Lohan, Michael Keaton, Matt Dillon, Breckin Meyer, Justin Long"
Hercules,2014,"Action, Adventure",99,5.6,100000000.0,243400000.0,Brett Ratner,"Dwayne Johnson, Ian McShane, John Hurt, Rufus Sewell, Aksel Hennie"
Here Comes the Boom,2012,Comedy,105,6.0,N/a,73100172.0,Frank Coraci,"Salma Hayek, Kevin James, Henry Winkler, Joe Rogan, Reggie Lee"
Hereafter,2010,"Drama, Fantasy",129,5.8,50000000.0,105197635.0,Clint Eastwood,"Matt Damon, Bryce Dallas Howard, George McLaren, Thierry Neuvic, Cyndi Mayo Davis"
Hero,2002,"Drama, Adventure, Action, History",99,7.2,31000000.0,177394432.0,Zhang Yimou,"Jet Li, Tony Leung Chiu-Wai, Maggie Cheung, Donnie Yen, Zhang Ziyi"
Hidalgo,2004,"Western, Adventure",136,6.5,100000000.0,108103450.0,Joe Johnston,"Viggo Mortensen, Zuleikha Robinson, Omar Sharif, Adam Alexi-Malle, Louise Lombard"
High Crimes,2002,"Drama, Mystery, Thriller, Crime",115,6.1,42000000.0,63781810.0,Carl Franklin,"Ashley Judd, Morgan Freeman, Jim Caviezel, Amanda Peet, Adam Scott"
Hitch,2005,"Comedy, Drama, Romance",118,6.4,70000000.0,368100420.0,Andy Tennant,"Will Smith, Eva Mendes, Kevin James, Amber Valletta, Julie Ann Emery"
Hollow Man,2000,"Action, Science Fiction, Thriller",112,5.6,95000000.0,190213455.0,Paul Verhoeven,"Kevin Bacon, Elisabeth Shue, Josh Brolin, Kim Dickens, Rhona Mitra"
Hollywood Homicide,2003,"Action, Adventure, Comedy, Thriller",116,5.0,75000000.0,51142659.0,Ron Shelton,"Harrison Ford, Josh Hartnett, Lena Olin, Bruce Greenwood, Isaiah Washington"
Holy Man,1998,"Drama, Comedy",114,4.9,60000000.0,N/a,Stephen Herek,"Eddie Murphy, Jeff Goldblum, Kelly Preston, Robert Loggia, Jon Cryer"
Home,2015,"Fantasy, Comedy, Animation, Science Fiction, Family",94,6.8,135000000.0,368871007.0,Tim Johnson,"Jim Parsons, Rihanna, Steve Martin, Jennifer Lopez, Matt Jones"
Home on the Range,2004,"Animation, Family",76,5.7,110000000.0,103951461.0,"Will Finn, John Sanford","Roseanne Barr, Judi Dench, Jennifer Tilly, Steve Buscemi, G. W. Bailey"
Hook,1991,"Adventure, Fantasy, Comedy, Family",144,6.6,70000000.0,300854823.0,Steven Spielberg,"Robin Williams, Dustin Hoffman, Julia Roberts, Bob Hoskins, Maggie Smith"
Hop,2011,"Animation, Comedy, Family",95,5.5,63000000.0,183953723.0,Tim Hill,"Russell Brand, James Marsden, Kaley Cuoco, Hank Azaria, Elizabeth Perkins"
Horrible Bosses 2,2014,Comedy,108,6.1,42000000.0,107670357.0,Sean Anders,"Jason Bateman, Jason Sudeikis, Charlie Day, Jennifer Aniston, Kevin Spacey"
Hostage,2005,"Mystery, Drama, Thriller, Crime",113,6.2,52000000.0,77944725.0,Florent-Emilio Siri,"Bruce Willis, Kevin Pollak, Jimmy Bennett, Michelle Horn, Ben Foster"
Hotel Transylvania,2012,"Animation, Comedy, Family, Fantasy",91,6.8,85000000.0,358375603.0,Genndy Tartakovsky,"Adam Sandler, Steve Buscemi, David Spade, Kevin James, Selena Gomez"
Hotel Transylvania 2,2015,"Animation, Comedy, Family",89,6.7,80000000.0,473226958.0,Genndy Tartakovsky,"Adam Sandler, Andy Samberg, Selena Gomez, Kevin James, Steve Buscemi"
Hotel for Dogs,2009,"Comedy, Family",100,5.7,35000000.0,73034460.0,Thor Freudenthal,"Emma Roberts, Jake T. Austin, Don Cheadle, Johnny Simmons, Kyla Pratt"
How Do You Know,2010,"Comedy, Drama, Romance",121,4.9,120000000.0,48668907.0,James L. Brooks,"Reese Witherspoon, Paul Rudd, Owen Wilson, Jack Nicholson, Kathryn Hahn"
How the Grinch Stole Christmas,2000,"Family, Comedy, Fantasy",104,6.2,123000000.0,345141403.0,Ron Howard,"Jim Carrey, Taylor Momsen, Jeffrey Tambor, Christine Baranski, Bill Irwin"
How to Lose a Guy in 10 Days,2003,"Comedy, Romance",116,6.3,50000000.0,177371441.0,Donald Petrie,"Kate Hudson, Matthew McConaughey, Kathryn Hahn, Annie Parisse, Adam Goldberg"
How to Train Your Dragon,2010,"Fantasy, Adventure, Animation, Family",98,7.5,165000000.0,494878759.0,"Chris Sanders, Dean DeBlois","Jay Baruchel, Gerard Butler, Craig Ferguson, America Ferrera, Jonah Hill"
How to Train Your Dragon 2,2014,"Fantasy, Action, Adventure, Animation, Comedy, Family",102,7.6,145000000.0,609123048.0,Dean DeBlois,"Jay Baruchel, Gerard Butler, Kristen Wiig, Jonah Hill, Cate Blanchett"
Hudson Hawk,1991,"Action, Adventure, Comedy",100,5.4,65000000.0,17218080.0,Michael Lehmann,"Bruce Willis, Danny Aiello, Andie MacDowell, James Coburn, Richard E. Grant"
Hugo,2011,"Adventure, Drama, Family",126,7.0,170000000.0,185770160.0,Martin Scorsese,"Ben Kingsley, Sacha Baron Cohen, Asa Butterfield, Chloë Grace Moretz, Ray Winstone"
Hulk,2003,"Drama, Action, Science Fiction",138,5.3,137000000.0,245360480.0,Ang Lee,"Eric Bana, Jennifer Connelly, Sam Elliott, Josh Lucas, Nick Nolte"
I Am Legend,2007,"Drama, Horror, Action, Thriller, Science Fiction",101,6.9,150000000.0,585349010.0,Francis Lawrence,"Will Smith, Alice Braga, Charlie Tahan, Salli Richardson-Whitfield, Willow Smith"
I Am Number Four,2011,"Action, Thriller, Science Fiction, Adventure",109,5.9,50000000.0,144492830.0,D.J. Caruso,"Alex Pettyfer, Timothy Olyphant, Teresa Palmer, Dianna Agron, Callan McAuliffe"
"I Love You, Man",2009,Comedy,105,6.5,41000000.0,91636986.0,John Hamburg,"Paul Rudd, Jason Segel, Rashida Jones, Andy Samberg, J.K. Simmons"
I Spy,2002,"Action, Adventure, Comedy, Thriller",97,5.2,70000000.0,33561137.0,Betty Thomas,"Eddie Murphy, Owen Wilson, Famke Janssen, Keith Dallas, Malcolm McDowell"
"I, Frankenstein",2014,"Horror, Thriller",92,5.0,65000000.0,71154592.0,Stuart Beattie,"Aaron Eckhart, Yvonne Strahovski, Bill Nighy, Jai Courtney, Miranda Otto"
"I, Robot",2004,"Action, Science Fiction",115,6.7,120000000.0,347234916.0,Alex Proyas,"Will Smith, Bridget Moynahan, Alan Tudyk, James Cromwell, Bruce Greenwood"
Ice Age,2002,"Animation, Comedy, Family, Adventure",81,7.1,59000000.0,383257136.0,Chris Wedge,"Ray Romano, John Leguizamo, Denis Leary, Goran Visnjic, Jack Black"
Ice Age: Continental Drift,2012,"Animation, Comedy, Adventure, Family",88,6.2,95000000.0,877244782.0,"Steve Martino, Mike Thurmeier","John Leguizamo, Ray Romano, Chris Wedge, Denis Leary, Seann William Scott"
Ice Age: Dawn of the Dinosaurs,2009,"Animation, Comedy, Family, Adventure",94,6.5,90000000.0,886686817.0,Carlos Saldanha,"Ray Romano, John Leguizamo, Denis Leary, Queen Latifah, Simon Pegg"
Ice Age: The Meltdown,2006,"Animation, Family, Comedy, Adventure",91,6.5,80000000.0,660940780.0,Carlos Saldanha,"Ray Romano, John Leguizamo, Denis Leary, Queen Latifah, Seann William Scott"
Imagine That,2009,Comedy,107,5.7,55000000.0,N/a,Karey Kirkpatrick,"Eddie Murphy, Thomas Haden Church, Yara Shahidi, Ronny Cox, Stephen Rannazzisi"
Immortals,2011,"Fantasy, Action, Drama",110,5.7,75000000.0,226904017.0,Tarsem Singh,"Mickey Rourke, Kellan Lutz, Isabel Lucas, Henry Cavill, Luke Evans"
In the Heart of the Sea,2015,"Thriller, Drama, Adventure, Action, History",122,6.5,100000000.0,93820758.0,Ron Howard,"Chris Hemsworth, Benjamin Walker, Cillian Murphy, Brendan Gleeson, Ben Whishaw"
In the Name of the King: A Dungeon Siege Tale,2007,"Adventure, Fantasy, Action, Drama",127,4.1,60000000.0,N/a,Uwe Boll,"Jason Statham, John Rhys-Davies, Ray Liotta, Leelee Sobieski, Burt Reynolds"
Inception,2010,"Action, Thriller, Science Fiction, Mystery, Adventure",148,8.1,160000000.0,825532764.0,Christopher Nolan,"Leonardo DiCaprio, Joseph Gordon-Levitt, Ellen Page, Tom Hardy, Ken Watanabe"
Inchon,1981,"Drama, History, War",140,6.5,46000000.0,5200000.0,Terence Young,"Laurence Olivier, Jacqueline Bisset, Ben Gazzara, Toshirō Mifune, Richard Roundtree"
Independence Day,1996,"Action, Adventure, Science Fiction",145,6.7,75000000.0,816969268.0,Roland Emmerich,"Will Smith, Bill Pullman, Jeff Goldblum, Mary McDonnell, Judd Hirsch"
Independence Day: Resurgence,2016,"Action, Adventure, Science Fiction",120,4.9,165000000.0,389681935.0,Roland Emmerich,"Liam Hemsworth, Jeff Goldblum, Bill Pullman, Maika Monroe, Sela Ward"
Indiana Jones and the Kingdom of the Crystal Skull,2008,"Adventure, Action",122,5.7,185000000.0,786636033.0,Steven Spielberg,"Harrison Ford, Cate Blanchett, Shia LaBeouf, Ray Winstone, Karen Allen"
Indiana Jones and the Last Crusade,1989,"Adventure, Action",127,7.6,48000000.0,474171806.0,Steven Spielberg,"Harrison Ford, Sean Connery, Denholm Elliott, Alison Doody, John Rhys-Davies"
Inglourious Basterds,2009,"Drama, Action, Thriller, War",153,7.9,70000000.0,319131050.0,Quentin Tarantino,"Brad Pitt, Mélanie Laurent, Christoph Waltz, Eli Roth, Michael Fassbender"
Inkheart,2008,"Adventure, Family, Fantasy",106,6.0,60000000.0,57490374.0,Iain Softley,"Brendan Fraser, Sienna Guillory, Andy Serkis, Eliza Bennett, Paul Bettany"
Inside Man,2006,"Crime, Drama, Thriller",129,7.3,45000000.0,184376254.0,Spike Lee,"Denzel Washington, Clive Owen, Jodie Foster, Christopher Plummer, Willem Dafoe"
Inside Out,2015,"Drama, Comedy, Animation, Family",94,8.0,175000000.0,857611174.0,Pete Docter,"Amy Poehler, Phyllis Smith, Richard Kind, Bill Hader, Lewis Black"
Insomnia,2002,"Crime, Mystery, Thriller",118,6.8,46000000.0,113714830.0,Christopher Nolan,"Al Pacino, Robin Williams, Hilary Swank, Maura Tierney, Martin Donovan"
Inspector Gadget,1999,"Action, Adventure, Comedy, Family",78,4.3,75000000.0,N/a,David Kellogg,"Matthew Broderick, Rupert Everett, Joely Fisher, Michelle Trachtenberg, Andy Dick"
Instinct,1999,"Drama, Mystery, Thriller",126,6.2,80000000.0,N/a,Jon Turteltaub,"Anthony Hopkins, Cuba Gooding Jr., Donald Sutherland, Maura Tierney, George Dzundza"
Insurgent,2015,"Adventure, Science Fiction, Thriller",119,6.2,110000000.0,295238201.0,Robert Schwentke,"Shailene Woodley, Theo James, Kate Winslet, Ansel Elgort, Miles Teller"
Interstellar,2014,"Adventure, Drama, Science Fiction",169,8.1,165000000.0,675120017.0,Christopher Nolan,"Matthew McConaughey, Jessica Chastain, Anne Hathaway, Michael Caine, Casey Affleck"
Interview with the Vampire,1994,"Horror, Romance",123,7.2,60000000.0,223664608.0,Neil Jordan,"Brad Pitt, Tom Cruise, Kirsten Dunst, Antonio Banderas, Christian Slater"
Into the Blue,2005,"Action, Thriller, Adventure, Crime",110,5.8,50000000.0,44434439.0,John Stockwell,"Paul Walker, Jessica Alba, Scott Caan, Ashley Scott, Josh Brolin"
Into the Storm,2014,"Action, Thriller",89,5.8,50000000.0,160602194.0,Steven Quale,"Richard Armitage, Sarah Wayne Callies, Matt Walsh, Nathan Kress, Alycia Debnam-Carey"
Into the Woods,2014,"Fantasy, Comedy, Music",125,5.6,50000000.0,212902372.0,Rob Marshall,"Meryl Streep, Emily Blunt, James Corden, Anna Kendrick, Chris Pine"
Intolerable Cruelty,2003,"Crime, Comedy, Romance",100,5.8,60000000.0,119940815.0,Joel Coen,"George Clooney, Catherine Zeta-Jones, Edward Herrmann, Geoffrey Rush, Richard Jenkins"
Invictus,2009,"Drama, History",134,7.0,60000000.0,122233971.0,Clint Eastwood,"Morgan Freeman, Matt Damon, Tony Kgoroge, Patrick Mofokeng, Matt Stern"
Iron Man,2008,"Action, Science Fiction, Adventure",126,7.4,140000000.0,585174222.0,Jon Favreau,"Robert Downey Jr., Terrence Howard, Jeff Bridges, Shaun Toub, Gwyneth Paltrow"
Iron Man 2,2010,"Adventure, Action, Science Fiction",124,6.6,200000000.0,623933331.0,Jon Favreau,"Robert Downey Jr., Gwyneth Paltrow, Don Cheadle, Scarlett Johansson, Mickey Rourke"
Iron Man 3,2013,"Action, Adventure, Science Fiction",130,6.8,200000000.0,1215439994.0,Shane Black,"Robert Downey Jr., Gwyneth Paltrow, Don Cheadle, Guy Pearce, Rebecca Hall"
It's Complicated,2009,"Comedy, Romance",121,6.2,85000000.0,219103655.0,Nancy Meyers,"Meryl Streep, Alec Baldwin, Steve Martin, John Krasinski, Lake Bell"
JFK,1991,"Drama, Thriller, History",189,7.5,40000000.0,205405498.0,Oliver Stone,"Kevin Costner, Tommy Lee Jones, Gary Oldman, Kevin Bacon, Michael Rooker"
Jack Reacher,2012,"Crime, Drama, Thriller",130,6.3,60000000.0,218340595.0,Christopher McQuarrie,"Tom Cruise, Rosamund Pike, Richard Jenkins, David Oyelowo, Werner Herzog"
Jack Ryan: Shadow Recruit,2014,"Action, Drama, Thriller",105,5.9,60000000.0,50549107.0,Kenneth Branagh,"Chris Pine, Keira Knightley, Kevin Costner, Kenneth Branagh, Lenn Kudrjawizki"
Jack and Jill,2011,Comedy,91,4.1,79000000.0,149673788.0,Dennis Dugan,"Adam Sandler, Katie Holmes, Al Pacino, Eugenio Derbez, Tim Meadows"
Jack the Giant Slayer,2013,"Action, Family, Fantasy",114,5.5,195000000.0,197687603.0,Bryan Singer,"Nicholas Hoult, Eleanor Tomlinson, Ewan McGregor, Stanley Tucci, Ian McShane"
Jade,1995,"Action, Thriller, Mystery, Romance",95,5.2,50000000.0,9851610.0,William Friedkin,"David Caruso, Linda Fiorentino, Chazz Palminteri, Michael Biehn, Richard Crenna"
Jarhead,2005,"Drama, War",125,6.6,72000000.0,96889998.0,Sam Mendes,"Jamie Foxx, Jake Gyllenhaal, Scott MacDonald, Lucas Black, Peter Sarsgaard"
Jason Bourne,2016,"Action, Thriller",123,5.9,120000000.0,415484914.0,Paul Greengrass,"Matt Damon, Alicia Vikander, Tommy Lee Jones, Vincent Cassel, Julia Stiles"
Jerry Maguire,1996,"Comedy, Drama, Romance",139,6.7,50000000.0,273552592.0,Cameron Crowe,"Tom Cruise, Cuba Gooding Jr., Renée Zellweger, Kelly Preston, Alison Armitage"
Jingle All the Way,1996,"Family, Comedy",89,5.5,60000000.0,129832389.0,Brian Levant,"Arnold Schwarzenegger, Phil Hartman, Sinbad, Rita Wilson, Jake Lloyd"
John Carter,2012,"Action, Adventure, Science Fiction",132,6.1,260000000.0,284139100.0,Andrew Stanton,"Taylor Kitsch, Lynn Collins, Samantha Morton, Willem Dafoe, Thomas Haden Church"
Johnny English,2003,"Adventure, Action, Comedy",88,6.0,40000000.0,160583018.0,Peter Howitt,"Rowan Atkinson, John Malkovich, Natalie Imbruglia, Tasha de Vasconcelos, Ben Miller"
Johnny English Reborn,2011,"Crime, Adventure, Action, Comedy, Thriller",101,6.0,45000000.0,160078586.0,Oliver Parker,"Rowan Atkinson, Dominic West, Gillian Anderson, Rosamund Pike, Daniel Kaluuya"
Jonah Hex,2010,"Action, Western, Drama, Fantasy, Thriller",80,4.4,47000000.0,10539000.0,Jimmy Hayward,"Josh Brolin, John Malkovich, Megan Fox, Michael Fassbender, Will Arnett"
Journey 2: The Mysterious Island,2012,"Adventure, Action, Science Fiction",94,5.8,79000000.0,355692760.0,Brad Peyton,"Dwayne Johnson, Josh Hutcherson, Kristin Davis, Vanessa Hudgens, Luis Guzmán"
Journey to the Center of the Earth,2008,"Action, Science Fiction, Adventure, Comedy, Family",93,5.8,45000000.0,101702060.0,Eric Brevig,"Brendan Fraser, Josh Hutcherson, Anita Briem, Seth Meyers, Jean Michel Paré"
Joy,2015,"Drama, Comedy",124,6.4,60000000.0,101134059.0,David O. Russell,"Jennifer Lawrence, Bradley Cooper, Robert De Niro, Dascha Polanco, Edgar Ramírez"
Julie & Julia,2009,"Romance, Drama",123,6.6,40000000.0,129540499.0,Nora Ephron,"Meryl Streep, Amy Adams, Stanley Tucci, Chris Messina, Linda Emond"
Jumper,2008,"Adventure, Fantasy, Science Fiction",88,5.9,85000000.0,222231186.0,Doug Liman,"Hayden Christensen, Jamie Bell, Samuel L. Jackson, Rachel Bilson, Michael Rooker"
Jupiter Ascending,2015,"Science Fiction, Fantasy, Action, Adventure",124,5.2,176000003.0,183987723.0,"Lilly Wachowski, Lana Wachowski","Mila Kunis, Channing Tatum, Sean Bean, Eddie Redmayne, Douglas Booth"
Jurassic Park,1993,"Adventure, Science Fiction",127,7.6,63000000.0,920100000.0,Steven Spielberg,"Sam Neill, Laura Dern, Jeff Goldblum, Richard Attenborough, Bob Peck"
Jurassic Park III,2001,"Adventure, Action, Thriller, Science Fiction",92,5.7,93000000.0,368780809.0,Joe Johnston,"Sam Neill, William H. Macy, Téa Leoni, Trevor Morgan, Alessandro Nivola"
Jurassic World,2015,"Action, Adventure, Science Fiction, Thriller",124,6.5,150000000.0,1513528810.0,Colin Trevorrow,"Chris Pratt, Bryce Dallas Howard, Irrfan Khan, Vincent D'Onofrio, Nick Robinson"
Just Go with It,2011,"Romance, Comedy",117,6.3,80000000.0,214918407.0,Dennis Dugan,"Adam Sandler, Jennifer Aniston, Nicole Kidman, Nick Swardson, Brooklyn Decker"
Just Like Heaven,2005,"Comedy, Fantasy, Romance",95,6.5,58000000.0,102854431.0,Mark Waters,"Reese Witherspoon, Mark Ruffalo, Donal Logue, Dina Spybey-Waters, Ben Shenkman"
K-19: The Widowmaker,2002,"Drama, History, Thriller",138,6.1,100000000.0,35168966.0,Kathryn Bigelow,"Harrison Ford, Liam Neeson, Peter Sarsgaard, Joss Ackland, John Shrapnel"
K-PAX,2001,"Drama, Science Fiction",120,7.1,48000000.0,50315140.0,Iain Softley,"Jeff Bridges, Kevin Spacey, Mary McCormack, Alfre Woodard, Ajay Naidu"
Kangaroo Jack,2003,"Comedy, Adventure, Crime",89,4.3,N/a,N/a,David McNally,"Jerry O'Connell, Anthony Anderson, Estella Warren, Christopher Walken, Michael Shannon"
Kate & Leopold,2001,"Comedy, Fantasy, Romance, Science Fiction",118,6.0,N/a,N/a,James Mangold,"Meg Ryan, Hugh Jackman, Liev Schreiber, Breckin Meyer, Natasha Lyonne"
Kicking & Screaming,2005,"Romance, Comedy, Family",95,5.6,45000000.0,56070433.0,Jesse Dylan,"Will Ferrell, Robert Duvall, Kate Walsh, Musetta Vander, Josh Hutcherson"
Kill Bill: Vol. 1,2003,"Action, Crime",111,7.7,30000000.0,180949000.0,Quentin Tarantino,"Uma Thurman, Lucy Liu, Vivica A. Fox, Daryl Hannah, David Carradine"
Kill Bill: Vol. 2,2004,"Action, Crime, Thriller",136,7.6,30000000.0,152159461.0,Quentin Tarantino,"Uma Thurman, David Carradine, Daryl Hannah, Michael Madsen, Gordon Liu Chia-Hui"
Killer Elite,2011,"Action, Adventure, Thriller",116,6.1,66000000.0,57777106.0,Gary McKendry,"Jason Statham, Clive Owen, Robert De Niro, Dominic Purcell, Yvonne Strahovski"
Killers,2010,"Action, Comedy, Thriller, Romance",100,5.7,75000000.0,98159963.0,Robert Luketic,"Katherine Heigl, Ashton Kutcher, Tom Selleck, Catherine O'Hara, Alex Borstein"
King Kong,2005,"Adventure, Drama, Action",187,6.6,207000000.0,550000000.0,Peter Jackson,"Naomi Watts, Jack Black, Adrien Brody, Thomas Kretschmann, Colin Hanks"
Kingdom of Heaven,2005,"Drama, Action, Adventure, History, War",144,6.6,130000000.0,211643158.0,Ridley Scott,"Orlando Bloom, Eva Green, Jeremy Irons, Marton Csokas, Brendan Gleeson"
Knight and Day,2010,"Action, Comedy",109,5.9,117000000.0,261930431.0,James Mangold,"Tom Cruise, Cameron Diaz, Peter Sarsgaard, Viola Davis, Jordi Mollà"
Knowing,2009,"Action, Adventure, Drama, Mystery, Science Fiction, Thriller",121,5.9,50000000.0,155446362.0,Alex Proyas,"Nicolas Cage, Rose Byrne, Chandler Canterbury, Ben Mendelsohn, Nadia Townsend"
Kung Fu Panda,2008,"Adventure, Animation, Family, Comedy",90,6.9,130000000.0,631744560.0,"Mark Osborne, John Stevenson","Jack Black, Dustin Hoffman, Angelina Jolie, Jackie Chan, Lucy Liu"
Kung Fu Panda 2,2011,"Animation, Family",91,6.7,150000000.0,665692281.0,Jennifer Yuh Nelson,"Jack Black, Angelina Jolie, Dustin Hoffman, Gary Oldman, Jackie Chan"
Kung Fu Panda 3,2016,"Action, Adventure, Animation, Comedy, Family",95,6.7,145000000.0,521170825.0,"Jennifer Yuh Nelson, Alessandro Carloni","Jack Black, Bryan Cranston, Dustin Hoffman, Angelina Jolie, J.K. Simmons"
Ladder 49,2004,"Drama, Action, Thriller",115,6.2,60000000.0,74541707.0,Jay Russell,"Joaquin Phoenix, John Travolta, Jacinda Barrett, Robert Patrick, Morris Chestnut"
Lady in the Water,2006,"Drama, Thriller, Fantasy, Mystery",110,5.3,75000000.0,42285169.0,M. Night Shyamalan,"Paul Giamatti, Jeffrey Wright, Bob Balaban, Sarita Choudhury, Cindy Cheung"
Land of the Lost,2009,"Adventure, Comedy, Science Fiction",102,5.3,100000000.0,68688831.0,Brad Silberling,"Will Ferrell, Anna Friel, Danny McBride, Jorma Taccone, Matt Lauer"
Lara Croft Tomb Raider: The Cradle of Life,2003,"Action, Adventure, Fantasy, Thriller",117,5.5,95000000.0,156505388.0,Jan de Bont,"Angelina Jolie, Gerard Butler, Noah Taylor, Djimon Hounsou, Til Schweiger"
Lara Croft: Tomb Raider,2001,"Adventure, Fantasy, Action, Thriller",100,5.7,115000000.0,274703340.0,Simon West,"Angelina Jolie, Jon Voight, Iain Glen, Noah Taylor, Daniel Craig"
Last Action Hero,1993,"Adventure, Fantasy, Action, Comedy, Family",130,6.1,85000000.0,137298489.0,John McTiernan,"Arnold Schwarzenegger, F. Murray Abraham, Art Carney, Charles Dance, Frank McRae"
Last Holiday,2006,"Adventure, Comedy, Drama",112,6.4,45000000.0,38399961.0,Wayne Wang,"Queen Latifah, LL Cool J, Timothy Hutton, Giancarlo Esposito, Alicia Witt"
Law Abiding Citizen,2009,"Drama, Crime, Thriller",109,7.2,53000000.0,126690726.0,F. Gary Gray,"Jamie Foxx, Gerard Butler, Colm Meaney, Bruce McGill, Leslie Bibb"
Leatherheads,2008,"Comedy, Romance, Drama",114,5.7,58000000.0,41299492.0,George Clooney,"George Clooney, Renée Zellweger, John Krasinski, Wayne Duvall, Stephen Root"
Legend of the Guardians: The Owls of Ga'Hoole,2010,"Animation, Adventure, Family, Fantasy",97,6.5,80000000.0,140073390.0,Zack Snyder,"Emily Barclay, Abbie Cornish, Essie Davis, Joel Edgerton, Deborra-Lee Furness"
Legends of Oz: Dorothy's Return,2013,"Animation, Music, Family",88,5.9,70000000.0,18662027.0,Dan St. Pierre,"Lea Michele, Dan Aykroyd, Patrick Stewart, Hugh Dancy, Jim Belushi"
Les Misérables,2012,"Drama, Music, Romance",157,7.1,61000000.0,441809770.0,Tom Hooper,"Hugh Jackman, Russell Crowe, Anne Hathaway, Amanda Seyfried, Sacha Baron Cohen"
Lethal Weapon 4,1998,"Action, Adventure, Comedy, Crime, Thriller",127,6.3,140000000.0,285444603.0,Richard Donner,"Mel Gibson, Danny Glover, Joe Pesci, Rene Russo, Jet Li"
Liar Liar,1997,Comedy,86,6.4,45000000.0,181000000.0,Tom Shadyac,"Jim Carrey, Maura Tierney, Cary Elwes, Jennifer Tilly, Swoosie Kurtz"
Licence to Kill,1989,"Adventure, Action, Thriller",133,5.9,32000000.0,156167015.0,John Glen,"Timothy Dalton, Carey Lowell, Robert Davi, Talisa Soto, Anthony Zerbe"
Life of Pi,2012,"Adventure, Drama, Action",127,7.2,120000000.0,609016565.0,Ang Lee,"Suraj Sharma, Irrfan Khan, Ayush Tandon, Gautam Belur, Adil Hussain"
Lilo & Stitch,2002,"Animation, Family",85,7.1,80000000.0,145771527.0,"Chris Sanders, Dean DeBlois","Chris Sanders, Daveigh Chase, Tia Carrere, David Ogden Stiers, Kevin McDonald"
Lincoln,2012,"History, Drama",149,6.7,65000000.0,275293450.0,Steven Spielberg,"Daniel Day-Lewis, Sally Field, David Strathairn, Joseph Gordon-Levitt, James Spader"
Little Fockers,2010,"Comedy, Romance",98,5.4,100000000.0,310650585.0,Paul Weitz,"Robert De Niro, Ben Stiller, Owen Wilson, Dustin Hoffman, Barbra Streisand"
Little Man,2006,"Comedy, Crime",98,5.3,64000000.0,101595121.0,Keenen Ivory Wayans,"Marlon Wayans, Shawn Wayans, Kerry Washington, John Witherspoon, Tracy Morgan"
Little Nicky,2000,"Comedy, Fantasy, Romance",90,5.2,85000000.0,N/a,Steven Brill,"Adam Sandler, Patricia Arquette, Harvey Keitel, Rhys Ifans, Tom Lister Jr."
Live Free or Die Hard,2007,"Action, Thriller",128,6.4,110000000.0,383531464.0,Len Wiseman,"Bruce Willis, Justin Long, Timothy Olyphant, Cliff Curtis, Maggie Q"
Lolita,1962,"Drama, Romance",153,7.3,2000000.0,9250000.0,Stanley Kubrick,"James Mason, Sue Lyon, Shelley Winters, Peter Sellers, Lois Maxwell"
London Has Fallen,2016,"Action, Crime, Thriller",99,5.8,60000000.0,205754447.0,Babak Najafi,"Gerard Butler, Aaron Eckhart, Morgan Freeman, Angela Bassett, Melissa Leo"
Lone Survivor,2013,"Action, Drama, Thriller, War",121,7.4,40000000.0,149295601.0,Peter Berg,"Mark Wahlberg, Taylor Kitsch, Emile Hirsch, Ben Foster, Yousuf Azami"
Looney Tunes: Back in Action,2003,"Animation, Comedy, Family",90,5.6,80000000.0,68514844.0,Joe Dante,"Brendan Fraser, Jenna Elfman, Steve Martin, Timothy Dalton, Heather Locklear"
Lord of War,2005,"Crime, Drama, Thriller",122,7.0,42000000.0,24127895.0,Andrew Niccol,"Nicolas Cage, Bridget Moynahan, Jared Leto, Ethan Hawke, Eamonn Walker"
Lost in Space,1998,"Adventure, Family, Science Fiction",130,5.0,80000000.0,136159423.0,Stephen Hopkins,"Gary Oldman, William Hurt, Matt LeBlanc, Mimi Rogers, Heather Graham"
Love Actually,2003,"Comedy, Romance, Drama",135,7.0,40000000.0,244931766.0,Richard Curtis,"Keira Knightley, Heike Makatsch, Emma Thompson, Laura Linney, Hugh Grant"
Love in the Time of Cholera,2007,"Drama, Romance",139,6.4,45000000.0,4607608.0,Mike Newell,"Javier Bardem, Unax Ugalde, Benjamin Bratt, Catalina Sandino Moreno, Héctor Elizondo"
Lucky Numbers,2000,"Action, Adventure, Comedy, Crime, Romance, Thriller",105,4.9,65000000.0,N/a,Nora Ephron,"John Travolta, Lisa Kudrow, Tim Roth, Ed O'Neill, Michael Rapaport"
Lucky You,2007,"Drama, Romance",124,5.4,N/a,5761917.0,Curtis Hanson,"Eric Bana, Drew Barrymore, Robert Duvall, Debra Messing, Robert Downey Jr."
Lucy,2014,"Action, Science Fiction",89,6.3,40000000.0,126546825.0,Luc Besson,"Scarlett Johansson, Morgan Freeman, Choi Min-sik, Amr Waked, Julian Rhind-Tutt"
Mad City,1997,"Action, Drama, Thriller",114,5.9,50000000.0,10541523.0,Costa-Gavras,"John Travolta, Dustin Hoffman, Mia Kirshner, Alan Alda, Robert Prosky"
Mad Max: Fury Road,2015,"Action, Adventure, Science Fiction, Thriller",120,7.2,150000000.0,378858340.0,George Miller,"Tom Hardy, Charlize Theron, Nicholas Hoult, Hugh Keays-Byrne, Josh Helman"
Madagascar,2005,"Family, Animation",86,6.6,75000000.0,532680671.0,"Eric Darnell, Tom McGrath","Ben Stiller, Chris Rock, David Schwimmer, Jada Pinkett Smith, Sacha Baron Cohen"
Madagascar 3: Europe's Most Wanted,2012,"Animation, Family",93,6.4,145000000.0,746921274.0,"Conrad Vernon, Eric Darnell, Tom McGrath","Ben Stiller, Sacha Baron Cohen, David Schwimmer, Frances McDormand, Chris Rock"
Madagascar: Escape 2 Africa,2008,"Family, Animation",89,6.2,150000000.0,603900354.0,"Eric Darnell, Tom McGrath","Ben Stiller, Jada Pinkett Smith, David Schwimmer, Chris Rock, Cedric the Entertainer"
Maid in Manhattan,2002,"Comedy, Drama, Romance",105,5.6,55000000.0,154906693.0,Wayne Wang,"Jennifer Lopez, Ralph Fiennes, Natasha Richardson, Stanley Tucci, Tyler Posey"
Maleficent,2014,"Fantasy, Adventure, Action, Family, Romance",97,7.0,180000000.0,758539785.0,Robert Stromberg,"Angelina Jolie, Elle Fanning, Sharlto Copley, Sam Riley, Juno Temple"
Mamma Mia!,2008,"Comedy, Romance",108,6.4,52000000.0,609841637.0,Phyllida Lloyd,"Meryl Streep, Pierce Brosnan, Amanda Seyfried, Colin Firth, Stellan Skarsgård"
Man of Steel,2013,"Action, Adventure, Fantasy, Science Fiction",143,6.5,225000000.0,662845518.0,Zack Snyder,"Henry Cavill, Amy Adams, Michael Shannon, Kevin Costner, Diane Lane"
Man of the House,2005,"Comedy, Action",100,5.4,40000000.0,N/a,Stephen Herek,"Tommy Lee Jones, Cedric the Entertainer, Christina Milian, Paula Garcés, Monica Keena"
Man on Fire,2004,"Action, Drama, Thriller, Crime",146,7.3,70000000.0,130293714.0,Tony Scott,"Denzel Washington, Dakota Fanning, Marc Anthony, Radha Mitchell, Christopher Walken"
Man on a Ledge,2012,"Action, Thriller, Crime",102,6.2,42000000.0,46221189.0,Asger Leth,"Sam Worthington, Elizabeth Banks, Jamie Bell, Ed Harris, Edward Burns"
Man on the Moon,1999,"Comedy, Drama, Romance",118,6.9,82000000.0,47434430.0,Miloš Forman,"Jim Carrey, Courtney Love, Bob Zmuda, Danny DeVito, Gerry Becker"
Marley & Me,2008,"Comedy, Family",115,6.9,60000000.0,244082376.0,David Frankel,"Owen Wilson, Jennifer Aniston, Eric Dane, Kathleen Turner, Alan Arkin"
Marmaduke,2010,"Family, Comedy",87,5.0,50000000.0,83761844.0,Tom Dey,"Owen Wilson, Emma Stone, George Lopez, Christopher Mintz-Plasse, Steve Coogan"
Mars Attacks!,1996,"Comedy, Fantasy, Science Fiction",106,6.1,70000000.0,101371017.0,Tim Burton,"Jack Nicholson, Glenn Close, Annette Bening, Pierce Brosnan, Danny DeVito"
Mars Needs Moms,2011,"Adventure, Animation, Family",88,5.5,150000000.0,38992758.0,Simon Wells,"Seth Green, Joan Cusack, Dan Fogler, Breckin Meyer, Elisabeth Harnois"
Mary Reilly,1996,"Drama, Horror, Thriller, Romance",104,5.7,47000000.0,12379402.0,Stephen Frears,"Julia Roberts, John Malkovich, George Cole, Michael Gambon, Glenn Close"
Master and Commander: The Far Side of the World,2003,Adventure,138,6.9,150000000.0,212011111.0,Peter Weir,"Russell Crowe, Paul Bettany, James D'Arcy, Billy Boyd, Joseph Morgan"
Maze Runner: The Scorch Trials,2015,Action,132,6.4,61000000.0,311256926.0,Wes Ball,"Dylan O'Brien, Kaya Scodelario, Thomas Brodie-Sangster, Giancarlo Esposito, Aidan Gillen"
"Me, Myself & Irene",2000,Comedy,116,6.1,51000000.0,149270999.0,"Bobby Farrelly, Peter Farrelly","Jim Carrey, Renée Zellweger, Anthony Anderson, Robert Forster, Richard Jenkins"
Meet Dave,2008,"Comedy, Science Fiction, Adventure, Family",90,5.0,60000000.0,50650079.0,Brian Robbins,"Eddie Murphy, Elizabeth Banks, Gabrielle Union, Scott Caan, Ed Helms"
Meet Joe Black,1998,"Fantasy, Drama, Mystery",178,6.9,90000000.0,142940100.0,Martin Brest,"Brad Pitt, Anthony Hopkins, Claire Forlani, Jeffrey Tambor, Marcia Gay Harden"
Meet the Fockers,2004,"Comedy, Romance",115,6.1,80000000.0,516642939.0,Jay Roach,"Ben Stiller, Teri Polo, Robert De Niro, Dustin Hoffman, Barbra Streisand"
Meet the Parents,2000,"Comedy, Romance",108,6.6,55000000.0,330444045.0,Jay Roach,"Ben Stiller, Robert De Niro, Teri Polo, Blythe Danner, Owen Wilson"
Megamind,2010,"Animation, Action, Comedy, Family, Science Fiction",95,6.7,130000000.0,321887208.0,Tom McGrath,"Will Ferrell, Brad Pitt, Tina Fey, Jonah Hill, David Cross"
Memoirs of a Geisha,2005,"Drama, History, Romance",145,7.3,85000000.0,162242962.0,Rob Marshall,"Zhang Ziyi, Gong Li, Youki Kudoh, Tsai Chin, Suzuka Ohgo"
Men in Black,1997,"Action, Adventure, Comedy, Science Fiction",98,6.9,90000000.0,589390539.0,Barry Sonnenfeld,"Tommy Lee Jones, Will Smith, Linda Fiorentino, Vincent D'Onofrio, Rip Torn"
Men in Black 3,2012,"Action, Comedy, Science Fiction",106,6.2,225000000.0,624026776.0,Barry Sonnenfeld,"Will Smith, Tommy Lee Jones, Josh Brolin, Michael Stuhlbarg, Emma Thompson"
Men in Black II,2002,"Action, Adventure, Comedy, Science Fiction",88,6.0,140000000.0,441818803.0,Barry Sonnenfeld,"Tommy Lee Jones, Will Smith, Rip Torn, Lara Flynn Boyle, Johnny Knoxville"
Mercury Rising,1998,"Action, Crime, Drama, Thriller",111,6.0,60000000.0,N/a,Harold Becker,"Bruce Willis, Alec Baldwin, Miko Hughes, Chi McBride, Kim Dickens"
Micmacs,2009,"Action, Comedy, Crime",100,6.8,33000000.0,14000000.0,Jean-Pierre Jeunet,"Dany Boon, Dominique Pinon, André Dussollier, Jean-Pierre Marielle, Julie Ferrier"
Mighty Joe Young,1998,"Action, Adventure, Family, Fantasy",114,5.9,90000000.0,N/a,Ron Underwood,"Charlize Theron, Rade Serbedzija, Bill Paxton, Regina King, Peter Firth"
Minions,2015,"Family, Animation, Adventure, Comedy",91,6.4,74000000.0,1156730962.0,"Kyle Balda, Pierre Coffin","Sandra Bullock, Jon Hamm, Michael Keaton, Allison Janney, Steve Coogan"
Minority Report,2002,"Action, Thriller, Science Fiction, Mystery",145,7.1,102000000.0,358372926.0,Steven Spielberg,"Tom Cruise, Colin Farrell, Samantha Morton, Max von Sydow, Lois Smith"
Miracle at St. Anna,2008,"Drama, War",160,6.3,45000000.0,9323833.0,Spike Lee,"Derek Luke, Michael Ealy, Laz Alonso, John Turturro, Valentina Cervi"
Mirror Mirror,2012,"Adventure, Fantasy, Drama, Comedy, Science Fiction, Family",106,5.5,85000000.0,183018522.0,Tarsem Singh,"Julia Roberts, Lily Collins, Armie Hammer, Nathan Lane, Martin Klebba"
Miss Congeniality,2000,"Comedy, Crime, Action",111,6.1,45000000.0,212000000.0,Donald Petrie,"Sandra Bullock, Benjamin Bratt, Michael Caine, Candice Bergen, William Shatner"
Miss Congeniality 2: Armed and Fabulous,2005,"Action, Comedy",115,5.3,N/a,N/a,John Pasquin,"Sandra Bullock, Regina King, Enrique Murciano, William Shatner, Eileen Brennan"
Mission to Mars,2000,Science Fiction,114,5.7,90000000.0,60874615.0,Brian De Palma,"Gary Sinise, Tim Robbins, Don Cheadle, Connie Nielsen, Jerry O'Connell"
Mission: Impossible,1996,"Adventure, Action, Thriller",110,6.7,80000000.0,457696359.0,Brian De Palma,"Tom Cruise, Jon Voight, Emmanuelle Béart, Henry Czerny, Jean Reno"
Mission: Impossible - Ghost Protocol,2011,"Action, Thriller, Adventure",133,6.8,145000000.0,694713380.0,Brad Bird,"Tom Cruise, Jeremy Renner, Simon Pegg, Paula Patton, Anil Kapoor"
Mission: Impossible - Rogue Nation,2015,"Action, Adventure, Thriller",131,7.1,150000000.0,682330139.0,Christopher McQuarrie,"Tom Cruise, Rebecca Ferguson, Simon Pegg, Jeremy Renner, Ving Rhames"
Mission: Impossible II,2000,"Adventure, Action, Thriller",123,5.9,125000000.0,546388105.0,John Woo,"Tom Cruise, Dougray Scott, Thandie Newton, Ving Rhames, Richard Roxburgh"
Mission: Impossible III,2006,"Adventure, Action, Thriller",126,6.5,150000000.0,397850012.0,J.J. Abrams,"Tom Cruise, Philip Seymour Hoffman, Ving Rhames, Billy Crudup, Jonathan Rhys Meyers"
Mona Lisa Smile,2003,"Drama, Romance",117,6.5,65000000.0,N/a,Mike Newell,"Julia Roberts, Kirsten Dunst, Julia Stiles, Maggie Gyllenhaal, Ginnifer Goodwin"
Money Train,1995,"Action, Comedy, Crime",103,5.4,60000000.0,35431113.0,Joseph Ruben,"Wesley Snipes, Woody Harrelson, Jennifer Lopez, Robert Blake, Chris Cooper"
Moneyball,2011,Drama,133,7.0,50000000.0,110206216.0,Bennett Miller,"Brad Pitt, Jonah Hill, Philip Seymour Hoffman, Robin Wright, Chris Pratt"
Monkeybone,2001,"Adventure, Fantasy, Animation, Action, Comedy",93,4.3,75000000.0,5409517.0,Henry Selick,"Brendan Fraser, Bridget Fonda, John Turturro, Chris Kattan, Giancarlo Esposito"
Monster House,2006,"Animation, Comedy, Family, Fantasy",91,6.3,75000000.0,140175006.0,Gil Kenan,"Ryan Newman, Steve Buscemi, Mitchel Musso, Sam Lerner, Spencer Locke"
Monster-in-Law,2005,"Romance, Comedy",101,5.6,43000000.0,154749918.0,Robert Luketic,"Jennifer Lopez, Jane Fonda, Michael Vartan, Wanda Sykes, Adam Scott"
Monsters University,2013,"Animation, Family",104,7.0,200000000.0,743559607.0,Dan Scanlon,"Billy Crystal, John Goodman, Steve Buscemi, Helen Mirren, Noah Johnston"
Monsters vs Aliens,2009,"Animation, Family, Adventure, Science Fiction",94,6.0,175000000.0,381509870.0,"Conrad Vernon, Rob Letterman","Seth Rogen, Reese Witherspoon, Hugh Laurie, Paul Rudd, Kiefer Sutherland"
"Monsters, Inc.",2001,"Animation, Comedy, Family",92,7.5,115000000.0,562816256.0,Pete Docter,"John Goodman, Billy Crystal, Mary Gibbs, Steve Buscemi, James Coburn"
Mortdecai,2015,"Comedy, Adventure",106,5.4,60000000.0,30418560.0,David Koepp,"Johnny Depp, Gwyneth Paltrow, Ewan McGregor, Paul Bettany, Olivia Munn"
Moulin Rouge!,2001,"Drama, Music, Romance",127,7.4,52500000.0,179213434.0,Baz Luhrmann,"Nicole Kidman, Ewan McGregor, John Leguizamo, Jim Broadbent, Richard Roxburgh"
Mr. & Mrs. Smith,2005,"Action, Comedy, Drama, Thriller",120,6.5,110000000.0,478207520.0,Doug Liman,"Angelina Jolie, Brad Pitt, Vince Vaughn, Adam Brody, Kerry Washington"
Mr. Deeds,2002,"Comedy, Romance",96,5.6,50000000.0,171269535.0,Steven Brill,"Adam Sandler, Winona Ryder, John Turturro, Allen Covert, Peter Gallagher"
Mr. Peabody & Sherman,2014,"Animation, Adventure, Family",92,6.7,145000000.0,272912430.0,Rob Minkoff,"Ty Burrell, Max Charles, Ariel Winter, Allison Janney, Ellie Kemper"
Mr. Popper's Penguins,2011,"Comedy, Family",94,5.7,55000000.0,187361754.0,Mark Waters,"Jim Carrey, Carla Gugino, Madeline Carroll, Angela Lansbury, Ophelia Lovibond"
Mulan,1998,"Animation, Family, Adventure",88,7.6,90000000.0,304320254.0,"Tony Bancroft, Barry Cook","Eddie Murphy, Jackie Chan, Ming-Na Wen, Lea Salonga, June Foray"
Multiplicity,1996,"Comedy, Fantasy, Science Fiction",117,5.5,45000000.0,N/a,Harold Ramis,"Michael Keaton, Andie MacDowell, Harris Yulin, Eugene Levy, Zack Duhame"
Munich,2005,"Drama, Action, History, Thriller",164,6.9,70000000.0,130358911.0,Steven Spielberg,"Eric Bana, Daniel Craig, Ciarán Hinds, Mathieu Kassovitz, Hanns Zischler"
Muppets Most Wanted,2014,"Comedy, Adventure, Crime, Family",112,6.2,50000000.0,80383290.0,James Bobin,"Ricky Gervais, Ty Burrell, Tina Fey, Steve Whitmire, Eric Jacobson"
Murder by Numbers,2002,"Crime, Drama, Thriller",120,6.0,50000000.0,56714147.0,Barbet Schroeder,"Sandra Bullock, Ben Chaplin, Ryan Gosling, Michael Pitt, Agnes Bruckner"
My Best Friend's Wedding,1997,"Comedy, Romance",105,6.3,38000000.0,299288605.0,P.J. Hogan,"Julia Roberts, Dermot Mulroney, Cameron Diaz, Rupert Everett, Philip Bosco"
My Favorite Martian,1999,"Comedy, Drama, Family, Science Fiction",94,5.1,65000000.0,36850101.0,Donald Petrie,"Jeff Daniels, Elizabeth Hurley, Daryl Hannah, Christopher Lloyd, Wallace Shawn"
Mystery Men,1999,"Adventure, Fantasy, Action, Comedy, Science Fiction",121,5.7,68000000.0,29762011.0,Kinka Usher,"Ben Stiller, Geoffrey Rush, Claire Forlani, William H. Macy, Hank Azaria"
National Treasure,2004,"Adventure, Action, Thriller, Mystery",131,6.4,100000000.0,347451894.0,Jon Turteltaub,"Nicolas Cage, Diane Kruger, Justin Bartha, Sean Bean, Jon Voight"
Need for Speed,2014,"Action, Crime, Drama, Thriller",130,6.1,66000000.0,203277636.0,Scott Waugh,"Aaron Paul, Dominic Cooper, Imogen Poots, Rami Malek, Ramón Rodríguez"
Night at the Museum,2006,"Action, Adventure, Comedy, Family, Fantasy",108,6.3,110000000.0,574480841.0,Shawn Levy,"Ben Stiller, Jake Cherry, Carla Gugino, Robin Williams, Dick Van Dyke"
Night at the Museum: Battle of the Smithsonian,2009,"Adventure, Fantasy, Action, Comedy, Family",105,5.9,150000000.0,413106170.0,Shawn Levy,"Ben Stiller, Amy Adams, Owen Wilson, Hank Azaria, Robin Williams"
Night at the Museum: Secret of the Tomb,2014,"Adventure, Comedy, Fantasy, Family",97,6.1,127000000.0,349424282.0,Shawn Levy,"Ben Stiller, Rami Malek, Rebel Wilson, Robin Williams, Owen Wilson"
Nine,2009,"Drama, Music, Romance",112,5.1,80000000.0,53825515.0,Rob Marshall,"Judi Dench, Daniel Day-Lewis, Marion Cotillard, Penélope Cruz, Sophia Loren"
Ninja Assassin,2009,"Action, Crime, Thriller",99,6.2,40000000.0,60462347.0,James McTeigue,"Rain, Naomie Harris, Sung Kang, Randall Duk Kim, Rick Yune"
Nixon,1995,"History, Drama",192,7.1,44000000.0,13681765.0,Oliver Stone,"Anthony Hopkins, Joan Allen, Powers Boothe, Ed Harris, Bob Hoskins"
Noah,2014,"Drama, Adventure",139,5.6,125000000.0,362637473.0,Darren Aronofsky,"Russell Crowe, Jennifer Connelly, Emma Watson, Logan Lerman, Anthony Hopkins"
Non-Stop,2014,"Action, Thriller, Mystery",106,6.8,50000000.0,222809600.0,Jaume Collet-Serra,"Liam Neeson, Julianne Moore, Scoot McNairy, Michelle Dockery, Nate Parker"
Notting Hill,1999,"Romance, Comedy, Drama",124,7.0,42000000.0,363889678.0,Roger Michell,"Julia Roberts, Hugh Grant, Gina McKee, Tim McInnerny, Rhys Ifans"
Now You See Me,2013,"Thriller, Crime",115,7.3,75000000.0,117698894.0,Louis Leterrier,"Jesse Eisenberg, Mark Ruffalo, Woody Harrelson, Mélanie Laurent, Isla Fisher"
Now You See Me 2,2016,"Action, Adventure, Comedy, Crime, Mystery, Thriller",129,6.7,90000000.0,334901337.0,Jon M. Chu,"Jesse Eisenberg, Woody Harrelson, Mark Ruffalo, Dave Franco, Morgan Freeman"
Nutty Professor II: The Klumps,2000,"Fantasy, Comedy, Romance, Science Fiction",106,4.7,84000000.0,123307945.0,Peter Segal,"Eddie Murphy, Janet Jackson, Larry Miller, John Ales, Richard Gant"
Oblivion,2013,"Action, Science Fiction, Adventure, Mystery",124,6.4,120000000.0,286168572.0,Joseph Kosinski,"Tom Cruise, Morgan Freeman, Olga Kurylenko, Andrea Riseborough, Nikolaj Coster-Waldau"
Ocean's Eleven,2001,"Thriller, Crime",116,7.2,85000000.0,450717150.0,Steven Soderbergh,"George Clooney, Brad Pitt, Matt Damon, Andy García, Julia Roberts"
Ocean's Thirteen,2007,"Crime, Thriller",122,6.5,85000000.0,311312624.0,Steven Soderbergh,"George Clooney, Brad Pitt, Matt Damon, Al Pacino, Bernie Mac"
Ocean's Twelve,2004,"Thriller, Crime",125,6.4,110000000.0,362744280.0,Steven Soderbergh,"George Clooney, Brad Pitt, Catherine Zeta-Jones, Julia Roberts, Andy García"
Oceans,2009,"Documentary, Family",84,7.3,N/a,19406406.0,"Jacques Perrin, Jacques Cluzaud","Pierce Brosnan, Jacques Perrin, Rie Miyazawa, Aldo Baglio, Matthias Brandt"
Oliver Twist,2005,"Crime, Drama, Family",130,6.7,50000000.0,42093706.0,Roman Polanski,"Barney Clark, Ben Kingsley, Jamie Foreman, Harry Eden, Edward Hardwicke"
Olympus Has Fallen,2013,"Action, Thriller",120,6.2,70000000.0,161025640.0,Antoine Fuqua,"Gerard Butler, Aaron Eckhart, Angela Bassett, Morgan Freeman, Radha Mitchell"
On Deadly Ground,1994,"Action, Thriller",102,4.5,50000000.0,49000000.0,Steven Seagal,"Steven Seagal, Michael Caine, Joan Chen, John C. McGinley, R. Lee Ermey"
One for the Money,2012,"Action, Comedy, Crime",91,5.3,40000000.0,36893721.0,Julie Anne Robinson,"Katherine Heigl, Jason O'Mara, Daniel Sunjata, John Leguizamo, Sherri Shepherd"
Open Season,2006,"Adventure, Animation, Family",83,6.1,85000000.0,197309027.0,"Jill Culton, Roger Allers, Anthony Stacchi","Martin Lawrence, Ashton Kutcher, Gary Sinise, Debra Messing, Billy Connolly"
Osmosis Jones,2001,"Adventure, Animation, Action, Comedy, Family",95,5.9,75000000.0,13596911.0,"Bobby Farrelly, Peter Farrelly","Chris Rock, Laurence Fishburne, David Hyde Pierce, Brandy Norwood, Bill Murray"
Out of Sight,1998,"Romance, Comedy, Crime",123,6.5,48000000.0,77745568.0,Steven Soderbergh,"George Clooney, Jennifer Lopez, Ving Rhames, Don Cheadle, Albert Brooks"
Out of Time,2003,"Thriller, Crime, Drama",105,6.1,50000000.0,55495563.0,Carl Franklin,"Denzel Washington, Eva Mendes, Sanaa Lathan, John Billingsley, Dean Cain"
Outbreak,1995,"Action, Drama, Science Fiction, Thriller",127,6.3,50000000.0,189859560.0,Wolfgang Petersen,"Dustin Hoffman, Rene Russo, Morgan Freeman, Kevin Spacey, Cuba Gooding Jr."
Over the Hedge,2006,"Comedy, Animation, Family",83,6.3,80000000.0,343397247.0,"Karey Kirkpatrick, Tim Johnson","Bruce Willis, Garry Shandling, Steve Carell, Wanda Sykes, William Shatner"
Oz: The Great and Powerful,2013,"Fantasy, Adventure, Family",130,5.7,200000000.0,491868548.0,Sam Raimi,"James Franco, Mila Kunis, Rachel Weisz, Michelle Williams, Zach Braff"
Pacific Rim,2013,"Action, Science Fiction, Adventure",131,6.7,180000000.0,407602906.0,Guillermo del Toro,"Idris Elba, Charlie Hunnam, Charlie Day, Ron Perlman, Burn Gorman"
Paddington,2014,"Family, Comedy",95,7.0,55000000.0,259207227.0,Paul King,"Nicole Kidman, Peter Capaldi, Ben Whishaw, Michael Gambon, Imelda Staunton"
Pan,2015,"Adventure, Family, Fantasy",111,5.9,150000000.0,128388320.0,Joe Wright,"Levi Miller, Garrett Hedlund, Hugh Jackman, Rooney Mara, Amanda Seyfried"
Panic Room,2002,"Crime, Drama, Thriller",111,6.5,48000000.0,196397415.0,David Fincher,"Jodie Foster, Kristen Stewart, Forest Whitaker, Dwight Yoakam, Jared Leto"
ParaNorman,2012,"Family, Animation, Adventure, Comedy",90,6.7,60000000.0,107139399.0,"Sam Fell, Chris Butler","Kodi Smit-McPhee, Tucker Albrizzi, Jodelle Ferland, Anna Kendrick, Casey Affleck"
Patch Adams,1998,"Comedy, Drama",115,7.0,50000000.0,202292902.0,Tom Shadyac,"Robin Williams, Philip Seymour Hoffman, Bob Gunton, Peter Coyote, Michael Jeter"
Patriot Games,1992,"Drama, Action, Thriller, Crime",117,6.3,45000000.0,178051587.0,Phillip Noyce,"Harrison Ford, Anne Archer, Patrick Bergin, Thora Birch, James Fox"
Payback,1999,"Drama, Action, Thriller, Crime",100,6.7,90000000.0,161626121.0,Brian Helgeland,"Mel Gibson, Kris Kristofferson, Gregg Henry, Maria Bello, David Paymer"
Paycheck,2003,"Action, Adventure, Mystery, Science Fiction, Thriller",119,5.9,60000000.0,96269812.0,John Woo,"Ben Affleck, Aaron Eckhart, Uma Thurman, Paul Giamatti, Colm Feore"
Pearl Harbor,2001,"History, Romance, War",183,6.6,140000000.0,449220945.0,Michael Bay,"Ben Affleck, Josh Hartnett, Kate Beckinsale, Cuba Gooding Jr., Jon Voight"
Penguins of Madagascar,2014,"Family, Animation, Adventure, Comedy",92,6.5,132000000.0,373552094.0,"Eric Darnell, Simon J. Smith","Tom McGrath, Chris Miller, Christopher Knights, Conrad Vernon, John Malkovich"
Percy Jackson & the Olympians: The Lightning Thief,2010,"Adventure, Fantasy, Family",118,6.0,95000000.0,226497209.0,Chris Columbus,"Logan Lerman, Brandon T. Jackson, Alexandra Daddario, Jake Abel, Sean Bean"
Percy Jackson: Sea of Monsters,2013,"Adventure, Family, Fantasy",106,5.9,90000000.0,174578751.0,Thor Freudenthal,"Logan Lerman, Alexandra Daddario, Douglas Smith, Leven Rambin, Brandon T. Jackson"
Perfume: The Story of a Murderer,2006,"Crime, Fantasy, Drama",147,7.1,50000000.0,132180323.0,Tom Tykwer,"Ben Whishaw, Simon Chandler, David Calder, Richard Felix, Birgit Minichmayr"
Pinocchio,1940,"Animation, Family",88,6.9,2600000.0,84300000.0,"Ben Sharpsteen, Hamilton Luske","Mel Blanc, Don Brodie, Walter Catlett, Marion Darlington, Frankie Darro"
Pirates of the Caribbean: At World's End,2007,"Adventure, Fantasy, Action",169,6.9,300000000.0,961000000.0,Gore Verbinski,"Johnny Depp, Orlando Bloom, Keira Knightley, Stellan Skarsgård, Chow Yun-fat"
Pirates of the Caribbean: Dead Man's Chest,2006,"Adventure, Fantasy, Action",151,7.0,200000000.0,1065659812.0,Gore Verbinski,"Johnny Depp, Orlando Bloom, Keira Knightley, Stellan Skarsgård, Bill Nighy"
Pirates of the Caribbean: On Stranger Tides,2011,"Adventure, Action, Fantasy",136,6.4,380000000.0,1045713802.0,Rob Marshall,"Johnny Depp, Penélope Cruz, Ian McShane, Kevin McNally, Geoffrey Rush"
Pirates of the Caribbean: The Curse of the Black Pearl,2003,"Adventure, Fantasy, Action",143,7.5,140000000.0,655011224.0,Gore Verbinski,"Johnny Depp, Geoffrey Rush, Orlando Bloom, Keira Knightley, Jack Davenport"
Pixels,2015,"Action, Comedy, Science Fiction",105,5.6,88000000.0,243637091.0,Chris Columbus,"Adam Sandler, Michelle Monaghan, Peter Dinklage, Josh Gad, Kevin James"
Planet 51,2009,"Science Fiction, Animation, Family, Comedy, Adventure",91,5.6,70000000.0,104945765.0,"Jorge Blanco, Javier Abad, Marcos Martínez","Dwayne Johnson, Seann William Scott, Jessica Biel, Justin Long, Gary Oldman"
Planet of the Apes,2001,"Thriller, Science Fiction, Action, Adventure",119,5.6,100000000.0,362211740.0,Tim Burton,"Mark Wahlberg, Tim Roth, Helena Bonham Carter, Michael Clarke Duncan, Kris Kristofferson"
Pocahontas,1995,"Adventure, Animation, Drama, Family",81,6.7,55000000.0,346079773.0,"Mike Gabriel, Eric Goldberg","Irene Bedard, Mel Gibson, David Ogden Stiers, John Kassir, Russell Means"
Point Break,2015,"Action, Crime, Thriller",114,5.5,105000000.0,133718711.0,Ericson Core,"Edgar Ramírez, Luke Bracey, Teresa Palmer, Delroy Lindo, Ray Winstone"
Pompeii,2014,"Action, Adventure, History, Romance, Drama",105,5.2,130000000.0,117831631.0,Paul W.S. Anderson,"Kit Harington, Carrie-Anne Moss, Emily Browning, Adewale Akinnuoye-Agbaje, Jessica Lucas"
Poseidon,2006,"Adventure, Action, Drama, Thriller",99,5.5,160000000.0,181674817.0,Wolfgang Petersen,"Kurt Russell, Richard Dreyfuss, Josh Lucas, Jacinda Barrett, Emmy Rossum"
Practical Magic,1998,"Drama, Fantasy, Comedy",104,6.3,75000000.0,46683377.0,Griffin Dunne,"Sandra Bullock, Nicole Kidman, Evan Rachel Wood, Goran Visnjic, Stockard Channing"
Priest,2011,"Action, Science Fiction, Fantasy, Thriller, Horror",87,5.4,60000000.0,78309131.0,Scott Stewart,"Paul Bettany, Karl Urban, Cam Gigandet, Maggie Q, Lily Collins"
Primary Colors,1998,"Comedy, Drama",143,6.1,65000000.0,N/a,Mike Nichols,"John Travolta, Emma Thompson, Billy Bob Thornton, Kathy Bates, Adrian Lester"
Prince of Persia: The Sands of Time,2010,"Adventure, Fantasy, Action, Romance",116,6.2,150000000.0,335154643.0,Mike Newell,"Jake Gyllenhaal, Gemma Arterton, Ben Kingsley, Alfred Molina, Steve Toussaint"
Prisoners,2013,"Drama, Thriller, Crime",153,7.9,46000000.0,122126687.0,Denis Villeneuve,"Hugh Jackman, Jake Gyllenhaal, Paul Dano, Maria Bello, Melissa Leo"
Prometheus,2012,"Science Fiction, Adventure, Mystery",124,6.3,130000000.0,403170142.0,Ridley Scott,"Noomi Rapace, Michael Fassbender, Guy Pearce, Idris Elba, Logan Marshall-Green"
Proof of Life,2000,"Action, Adventure, Drama, Romance, Thriller",135,6.0,65000000.0,N/a,Taylor Hackford,"Meg Ryan, Russell Crowe, David Morse, Pamela Reed, David Caruso"
Public Enemies,2009,"History, Crime, Drama",140,6.5,80000000.0,214104620.0,Michael Mann,"Christian Bale, Johnny Depp, Giovanni Ribisi, Billy Crudup, Marion Cotillard"
Puss in Boots,2011,"Action, Adventure, Animation, Family, Fantasy",90,6.4,130000000.0,554987477.0,Chris Miller,"Antonio Banderas, Salma Hayek, Zach Galifianakis, Billy Bob Thornton, Amy Sedaris"
Quantum of Solace,2008,"Adventure, Action, Thriller, Crime",106,6.1,200000000.0,586090727.0,Marc Forster,"Daniel Craig, Olga Kurylenko, Mathieu Amalric, Judi Dench, Giancarlo Giannini"
R.I.P.D.,2013,"Fantasy, Action, Comedy, Crime",96,5.4,130000000.0,61648500.0,Robert Schwentke,"Jeff Bridges, Ryan Reynolds, Kevin Bacon, Stephanie Szostak, Mary-Louise Parker"
RED,2010,"Action, Adventure, Comedy, Crime, Thriller",111,6.6,58000000.0,71664962.0,Robert Schwentke,"Bruce Willis, John Malkovich, Helen Mirren, Mary-Louise Parker, Karl Urban"
RED 2,2013,"Action, Comedy, Crime, Thriller",116,6.4,84000000.0,N/a,Dean Parisot,"Bruce Willis, Catherine Zeta-Jones, Anthony Hopkins, Helen Mirren, John Malkovich"
Race to Witch Mountain,2009,"Adventure, Family, Fantasy, Science Fiction, Thriller, Action",98,5.5,50000000.0,106303988.0,Andy Fickman,"Dwayne Johnson, AnnaSophia Robb, Alexander Ludwig, Carla Gugino, Chris Marquette"
Raising Helen,2004,"Drama, Comedy, Romance",119,5.9,50000000.0,49718611.0,Garry Marshall,"Kate Hudson, John Corbett, Joan Cusack, Hayden Panettiere, Spencer Breslin"
Rambo III,1988,"Action, Adventure, Thriller, War",102,5.7,63000000.0,189015611.0,Peter MacDonald,"Sylvester Stallone, Richard Crenna, Kurtwood Smith, Spiros Focás, Sasson Gabai"
Rambo: First Blood Part II,1985,"Action, Adventure, Thriller, War",96,6.3,44000000.0,300400432.0,George P. Cosmatos,"Sylvester Stallone, Richard Crenna, Charles Napier, Steven Berkoff, Julia Nickson"
Random Hearts,1999,"Drama, Romance",133,5.3,64000000.0,74608570.0,Sydney Pollack,"Harrison Ford, Kristin Scott Thomas, Charles S. Dutton, Bonnie Hunt, Dennis Haysbert"
Rango,2011,"Animation, Comedy, Family, Western, Adventure",107,6.6,135000000.0,245724603.0,Gore Verbinski,"Johnny Depp, Isla Fisher, Ned Beatty, Bill Nighy, Alfred Molina"
Ransom,1996,"Action, Thriller",117,6.4,80000000.0,309492681.0,Ron Howard,"Mel Gibson, Gary Sinise, Delroy Lindo, Rene Russo, Lili Taylor"
Rat Race,2001,"Adventure, Comedy",112,6.0,48000000.0,85498534.0,Jerry Zucker,"Cuba Gooding Jr., Seth Green, Whoopi Goldberg, Breckin Meyer, Amy Smart"
Ratatouille,2007,"Animation, Comedy, Family, Fantasy",111,7.5,150000000.0,623722818.0,"Jan Pinkava, Brad Bird","Patton Oswalt, Ian Holm, Lou Romano, Brian Dennehy, Peter Sohn"
Ray,2004,"Drama, Music",152,7.2,40000000.0,124731534.0,Taylor Hackford,"Jamie Foxx, Kerry Washington, Regina King, Harry Lennix, Clifton Powell"
Real Steel,2011,"Action, Science Fiction, Drama",127,6.6,110000000.0,299268508.0,Shawn Levy,"Hugh Jackman, Dakota Goyo, Evangeline Lilly, Anthony Mackie, Kevin Durand"
Red Dawn,1984,"Action, Thriller",114,6.4,4200000.0,38376497.0,John Milius,"Patrick Swayze, C. Thomas Howell, Lea Thompson, Darren Dalton, Charlie Sheen"
Red Dragon,2002,"Crime, Thriller, Horror",124,6.7,78000000.0,209196298.0,Brett Ratner,"Anthony Hopkins, Edward Norton, Ralph Fiennes, Harvey Keitel, Emily Watson"
Red Planet,2000,"Thriller, Action, Science Fiction",106,5.4,80000000.0,33463969.0,Antony Hoffman,"Val Kilmer, Carrie-Anne Moss, Benjamin Bratt, Tom Sizemore, Simon Baker"
Red Riding Hood,2011,"Fantasy, Thriller, Horror",100,5.6,42000000.0,89162162.0,Catherine Hardwicke,"Amanda Seyfried, Gary Oldman, Billy Burke, Shiloh Fernandez, Max Irons"
Red Tails,2012,"Drama, Action, Adventure, History, War",125,5.9,58000000.0,50365377.0,Anthony Hemingway,"Bryan Cranston, David Oyelowo, Cuba Gooding Jr., Daniela Ruah, Terrence Howard"
Reign of Fire,2002,"Adventure, Action, Fantasy",101,6.0,60000000.0,43061982.0,Rob Bowman,"Christian Bale, Matthew McConaughey, Izabella Scorupco, Gerard Butler, Alexander Siddig"
Resident Evil: Afterlife,2010,"Action, Adventure, Horror, Science Fiction",97,5.8,60000000.0,300228084.0,Paul W.S. Anderson,"Milla Jovovich, Wentworth Miller, Ali Larter, Kim Coates, Kacey Clarke"
Resident Evil: Apocalypse,2004,"Horror, Action, Science Fiction",94,6.1,45000000.0,129394835.0,Alexander Witt,"Milla Jovovich, Sienna Guillory, Oded Fehr, Thomas Kretschmann, Sophie Vavasseur"
Resident Evil: Extinction,2007,"Horror, Action, Science Fiction",94,6.1,45000000.0,148412065.0,Russell Mulcahy,"Milla Jovovich, Oded Fehr, Ali Larter, Iain Glen, Mike Epps"
Resident Evil: Retribution,2012,"Action, Horror, Science Fiction",95,5.6,65000000.0,240159255.0,Paul W.S. Anderson,"Milla Jovovich, Sienna Guillory, Michelle Rodriguez, Aryana Engineer, Li Bingbing"
Revolutionary Road,2008,"Drama, Romance",119,6.7,35000000.0,75225693.0,Sam Mendes,"Leonardo DiCaprio, Kate Winslet, Michael Shannon, Kathryn Hahn, David Harbour"
Ride Along 2,2016,"Action, Comedy",102,6.1,40000000.0,124827316.0,Tim Story,"Kevin Hart, Ice Cube, Olivia Munn, Tika Sumpter, Ken Jeong"
Riding in Cars with Boys,2001,"Comedy, Drama, Romance",132,6.5,48000000.0,35743308.0,Penny Marshall,"Drew Barrymore, Steve Zahn, Adam Garcia, Brittany Murphy, Logan Lerman"
Righteous Kill,2008,"Action, Crime, Drama, Thriller",101,5.9,60000000.0,73174566.0,Jon Avnet,"Robert De Niro, Carla Gugino, 50 Cent, Al Pacino, Donnie Wahlberg"
Rio,2011,"Animation, Adventure, Comedy, Family",96,6.5,90000000.0,484635760.0,Carlos Saldanha,"Jesse Eisenberg, Anne Hathaway, Leslie Mann, Jane Lynch, Will.i.am"
Rio 2,2014,"Animation, Adventure, Comedy, Family",102,6.3,103000000.0,500188435.0,Carlos Saldanha,"Jesse Eisenberg, Anne Hathaway, Leslie Mann, Jamie Foxx, Andy García"
Rise of the Guardians,2012,"Fantasy, Animation, Family",97,7.1,145000000.0,306941670.0,Peter Ramsey,"Chris Pine, Alec Baldwin, Jude Law, Isla Fisher, Hugh Jackman"
Rise of the Planet of the Apes,2011,"Thriller, Action, Drama, Science Fiction",105,7.0,93000000.0,482860185.0,Rupert Wyatt,"James Franco, Freida Pinto, John Lithgow, Brian Cox, Tom Felton"
Road to Perdition,2002,"Thriller, Crime, Drama",117,7.3,80000000.0,181001478.0,Sam Mendes,"Tom Hanks, Tyler Hoechlin, Jennifer Jason Leigh, Liam Aiken, Paul Newman"
Robin Hood,2010,"Action, Adventure",140,6.2,200000000.0,310669540.0,Ridley Scott,"Russell Crowe, Cate Blanchett, Max von Sydow, William Hurt, Mark Strong"
Robin Hood: Prince of Thieves,1991,Adventure,143,6.6,48000000.0,390493908.0,Kevin Reynolds,"Kevin Costner, Morgan Freeman, Christian Slater, Mary Elizabeth Mastrantonio, Alan Rickman"
RoboCop,2014,"Action, Science Fiction",102,5.7,120000000.0,242688965.0,José Padilha,"Joel Kinnaman, Gary Oldman, Michael Keaton, Abbie Cornish, Jackie Earle Haley"
Robots,2005,"Animation, Comedy, Family, Science Fiction",91,6.0,75000000.0,260696994.0,"Chris Wedge, Carlos Saldanha","Robin Williams, Ewan McGregor, Halle Berry, Mel Brooks, Paula Abdul"
Rock of Ages,2012,"Comedy, Drama, Music, Romance",123,6.0,75000000.0,59418613.0,Adam Shankman,"Julianne Hough, Diego Boneta, Tom Cruise, Alec Baldwin, Russell Brand"
Rollerball,2002,"Action, Science Fiction, Thriller",98,3.4,N/a,N/a,John McTiernan,"Chris Klein, LL Cool J, Rebecca Romijn, Naveen Andrews, Jean Reno"
Ronin,1998,"Action, Thriller, Crime, Adventure",122,6.7,55000000.0,41610884.0,John Frankenheimer,"Robert De Niro, Jean Reno, Natascha McElhone, Stellan Skarsgård, Sean Bean"
Run All Night,2015,"Action, Crime, Drama, Mystery, Thriller",114,6.3,50000000.0,71561644.0,Jaume Collet-Serra,"Liam Neeson, Ed Harris, Joel Kinnaman, Boyd Holbrook, Bruce McGill"
Runaway Bride,1999,"Comedy, Romance",116,5.7,70000000.0,309457509.0,Garry Marshall,"Julia Roberts, Richard Gere, Joan Cusack, Rita Wilson, Héctor Elizondo"
Rush Hour 2,2001,"Action, Comedy, Crime, Thriller",90,6.4,90000000.0,347325802.0,Brett Ratner,"Chris Tucker, Jackie Chan, Zhang Ziyi, Roselyn Sánchez, Ernie Reyes, Jr."
Rush Hour 3,2007,"Action, Comedy, Crime, Thriller",91,6.1,140000000.0,258022233.0,Brett Ratner,"Chris Tucker, Jackie Chan, Hiroyuki Sanada, Max von Sydow, Yvan Attal"
S.W.A.T.,2003,"Action, Thriller, Crime",117,5.8,80000000.0,116643346.0,Clark Johnson,"Samuel L. Jackson, Colin Farrell, Michelle Rodriguez, LL Cool J, Josh Charles"
Safe House,2012,"Action, Thriller",115,6.3,85000000.0,208076205.0,Daniel Espinosa,"Denzel Washington, Ryan Reynolds, Vera Farmiga, Joel Kinnaman, Brendan Gleeson"
Sahara,2005,"Action, Adventure, Comedy, Drama, Mystery",124,5.7,130000000.0,119269486.0,Breck Eisner,"Matthew McConaughey, Penélope Cruz, Steve Zahn, William H. Macy, Lennie James"
Salt,2010,"Action, Mystery, Thriller",100,6.2,110000000.0,293329073.0,Phillip Noyce,"Angelina Jolie, Liev Schreiber, Chiwetel Ejiofor, Daniel Olbrychski, August Diehl"
San Andreas,2015,"Action, Drama, Thriller",114,6.0,110000000.0,470490832.0,Brad Peyton,"Dwayne Johnson, Alexandra Daddario, Carla Gugino, Ioan Gruffudd, Archie Panjabi"
Savages,2012,"Crime, Drama, Thriller",131,6.2,45000000.0,82966152.0,Oliver Stone,"Blake Lively, Taylor Kitsch, Aaron Taylor-Johnson, Benicio del Toro, Salma Hayek"
Saving Private Ryan,1998,"Drama, History, War",169,7.9,70000000.0,481840909.0,Steven Spielberg,"Tom Hanks, Matt Damon, Vin Diesel, Tom Sizemore, Barry Pepper"
Scary Movie 2,2001,Comedy,83,5.4,45000000.0,141220678.0,Keenen Ivory Wayans,"Anna Faris, Marlon Wayans, James DeBello, Shawn Wayans, David Cross"
Scary Movie 3,2003,Comedy,84,5.8,48000000.0,220673217.0,David Zucker,"Pamela Anderson, Jenny McCarthy, Marny Eng, Charlie Sheen, Simon Rex"
Scary Movie 4,2006,Comedy,83,5.3,45000000.0,178262620.0,David Zucker,"Anna Faris, Regina Hall, Craig Bierko, Bill Pullman, Anthony Anderson"
Scooby-Doo,2002,"Mystery, Adventure, Comedy",88,5.4,84000000.0,275650703.0,Raja Gosnell,"Freddie Prinze Jr., Sarah Michelle Gellar, Matthew Lillard, Linda Cardellini, Rowan Atkinson"
Scott Pilgrim vs. the World,2010,"Action, Adventure, Comedy",112,7.2,60000000.0,47664559.0,Edgar Wright,"Michael Cera, Mary Elizabeth Winstead, Kieran Culkin, Chris Evans, Anna Kendrick"
Scream 3,2000,"Horror, Mystery",116,5.7,40000000.0,161834276.0,Wes Craven,"David Arquette, Neve Campbell, Courteney Cox, Patrick Dempsey, Scott Foley"
Seabiscuit,2003,"Drama, History",141,6.7,87000000.0,148336445.0,Gary Ross,"Jeff Bridges, David McCullough, Chris Cooper, Tobey Maguire, Elizabeth Banks"
Semi-Pro,2008,Comedy,91,5.4,N/a,33472850.0,Kent Alterman,"Will Ferrell, Maura Tierney, Woody Harrelson, David Koechner, Will Arnett"
Seven Pounds,2008,Drama,123,7.5,55000000.0,168167691.0,Gabriele Muccino,"Will Smith, Rosario Dawson, Sarah Jane Morris, Woody Harrelson, Michael Ealy"
Seven Years in Tibet,1997,"Adventure, Drama, History",136,7.0,70000000.0,131457682.0,Jean-Jacques Annaud,"Brad Pitt, Jamyang Jamtsho Wangchuk, David Thewlis, BD Wong, Mako"
Seventh Son,2014,"Adventure, Fantasy",102,5.2,95000000.0,114178613.0,Sergei Bodrov,"Jeff Bridges, Julianne Moore, Ben Barnes, Alicia Vikander, Kit Harington"
Sex and the City 2,2010,"Comedy, Drama, Romance",146,5.4,100000000.0,288347692.0,Michael Patrick King,"Sarah Jessica Parker, Kristin Davis, Cynthia Nixon, Kim Cattrall, Chris Noth"
Shadow Conspiracy,1997,"Action, Thriller",103,4.0,45000000.0,2154540.0,George P. Cosmatos,"Charlie Sheen, Donald Sutherland, Linda Hamilton, Stephen Lang, Nicholas Turturro"
Shaft,2000,"Action, Adventure, Crime, Thriller",99,5.5,46000000.0,107196498.0,John Singleton,"Samuel L. Jackson, Jeffrey Wright, Christian Bale, Busta Rhymes, Dan Hedaya"
Shall We Dance?,2004,"Drama, Romance, Comedy",107,5.9,50000000.0,170128460.0,Peter Chelsom,"Richard Gere, Jennifer Lopez, Susan Sarandon, Lisa Ann Walter, Stanley Tucci"
Shallow Hal,2001,"Comedy, Romance",114,5.7,40000000.0,141069860.0,"Bobby Farrelly, Peter Farrelly","Gwyneth Paltrow, Jack Black, Jason Alexander, Joe Viterelli, Bruce McGill"
Shanghai Knights,2003,"Action, Adventure, Comedy, Western",115,6.0,50000000.0,88323487.0,David Dobkin,"Jackie Chan, Owen Wilson, Fann Wong, Aaron Taylor-Johnson, Aidan Gillen"
Shanghai Noon,2000,"Adventure, Action, Comedy, Western",110,6.2,55000000.0,56932305.0,Tom Dey,"Jackie Chan, Owen Wilson, Lucy Liu, Xander Berkeley, Roger Yuan"
Shark Tale,2004,"Animation, Action, Comedy, Family",90,5.8,75000000.0,367275019.0,"Vicky Jenson, Bibo Bergeron, Rob Letterman","Will Smith, Robert De Niro, Renée Zellweger, Jack Black, Angelina Jolie"
Sherlock Holmes,2009,"Action, Adventure, Crime, Mystery",128,7.0,90000000.0,524028679.0,Guy Ritchie,"Robert Downey Jr., Jude Law, Rachel McAdams, Mark Strong, Eddie Marsan"
Sherlock Holmes: A Game of Shadows,2011,"Adventure, Action, Crime, Mystery",129,7.0,125000000.0,334615000.0,Guy Ritchie,"Robert Downey Jr., Jude Law, Jared Harris, Noomi Rapace, Kelly Reilly"
Shin Godzilla,2016,"Action, Adventure, Drama, Horror, Science Fiction",120,6.5,15000000.0,77000000.0,"Hideaki Anno, Shinji Higuchi","Hiroki Hasegawa, Yutaka Takenouchi, Satomi Ishihara, Kengo Kora, Matsuo Satoru"
Shooter,2007,"Action, Drama, Mystery, Thriller, Crime",124,6.9,61000000.0,95696996.0,Antoine Fuqua,"Mark Wahlberg, Michael Peña, Danny Glover, Kate Mara, Elias Koteas"
Shrek,2001,"Adventure, Animation, Comedy, Family, Fantasy",90,7.3,60000000.0,484409218.0,"Andrew Adamson, Vicky Jenson","Mike Myers, Eddie Murphy, Cameron Diaz, John Lithgow, Vincent Cassel"
Shrek 2,2004,"Adventure, Animation, Comedy, Family, Fantasy",93,6.7,150000000.0,919838758.0,"Andrew Adamson, Kelly Asbury, Conrad Vernon","Mike Myers, Eddie Murphy, Cameron Diaz, Julie Andrews, Antonio Banderas"
Shrek Forever After,2010,"Comedy, Adventure, Fantasy, Animation, Family",93,6.0,165000000.0,752600867.0,Mike Mitchell,"Mike Myers, Eddie Murphy, Cameron Diaz, Antonio Banderas, Julie Andrews"
Shrek the Third,2007,"Fantasy, Adventure, Animation, Comedy, Family",93,6.0,160000000.0,798958165.0,"Chris Miller, Raman Hui","Mike Myers, Eddie Murphy, Cameron Diaz, Julie Andrews, Antonio Banderas"
Shutter Island,2010,"Drama, Thriller, Mystery",138,7.8,80000000.0,294804195.0,Martin Scorsese,"Leonardo DiCaprio, Mark Ruffalo, Ben Kingsley, Emily Mortimer, Michelle Williams"
Signs,2002,"Drama, Thriller, Science Fiction, Mystery",106,6.4,72000000.0,408247917.0,M. Night Shyamalan,"Mel Gibson, Joaquin Phoenix, Rory Culkin, Abigail Breslin, Cherry Jones"
Silent Hill,2006,"Horror, Mystery",125,6.3,50000000.0,97607453.0,Christophe Gans,"Radha Mitchell, Sean Bean, Laurie Holden, Deborah Kara Unger, Kim Coates"
Sin City,2005,"Action, Thriller, Crime",124,7.2,40000000.0,158733820.0,"Robert Rodriguez, Frank Miller","Jessica Alba, Devon Aoki, Clive Owen, Rosario Dawson, Mickey Rourke"
Sin City: A Dame to Kill For,2014,"Crime, Thriller",102,6.3,65000000.0,39407616.0,"Robert Rodriguez, Frank Miller","Mickey Rourke, Jessica Alba, Josh Brolin, Joseph Gordon-Levitt, Rosario Dawson"
Sinbad: Legend of the Seven Seas,2003,"Family, Animation, Adventure",86,6.6,60000000.0,26288320.0,"Tim Johnson, Patrick Gilmore","Brad Pitt, Catherine Zeta-Jones, Michelle Pfeiffer, Joseph Fiennes, Dennis Haysbert"
Six Days Seven Nights,1998,"Action, Adventure, Comedy, Romance",98,5.6,70000000.0,164000000.0,Ivan Reitman,"Harrison Ford, Anne Heche, David Schwimmer, Jacqueline Obradors, Temuera Morrison"
Sky Captain and the World of Tomorrow,2004,"Mystery, Action, Thriller, Science Fiction, Adventure",107,5.7,70000000.0,57958696.0,Kerry Conran,"Jude Law, Gwyneth Paltrow, Giovanni Ribisi, Angelina Jolie, Bai Ling"
Skyfall,2012,"Action, Adventure, Thriller",143,6.9,200000000.0,1108561013.0,Sam Mendes,"Daniel Craig, Judi Dench, Javier Bardem, Ralph Fiennes, Naomie Harris"
Sleepers,1996,"Crime, Drama, Thriller",147,7.3,44000000.0,165615285.0,Barry Levinson,"Robert De Niro, Brad Pitt, Kevin Bacon, Jason Patric, Ron Eldard"
Small Soldiers,1998,"Comedy, Adventure, Fantasy, Science Fiction, Action",110,6.2,40000000.0,54682547.0,Joe Dante,"Gregory Smith, Kirsten Dunst, Denis Leary, Phil Hartman, David Cross"
Snake Eyes,1998,"Crime, Mystery",98,5.8,73000000.0,103891409.0,Brian De Palma,"Nicolas Cage, Gary Sinise, John Heard, Carla Gugino, Tamara Tunie"
Snow White and the Huntsman,2012,"Adventure, Fantasy, Drama",127,5.8,170000000.0,396600000.0,Rupert Sanders,"Kristen Stewart, Charlize Theron, Chris Hemsworth, Sam Claflin, Ian McShane"
Solaris,1972,"Drama, Science Fiction, Adventure, Mystery",167,7.7,N/a,N/a,Andrei Tarkovsky,"Donatas Banionis, Natalya Bondarchuk, Jüri Järvet, Anatoliy Solonitsyn, Nikolay Grinko"
Soldier,1998,"Action, War, Science Fiction",99,6.1,75000000.0,14567883.0,Paul W.S. Anderson,"Kurt Russell, Jason Scott Lee, Jason Isaacs, Connie Nielsen, Sean Pertwee"
Something's Gotta Give,2003,"Drama, Comedy, Romance",128,6.3,80000000.0,266728738.0,Nancy Meyers,"Jack Nicholson, Diane Keaton, Keanu Reeves, Frances McDormand, Amanda Peet"
Son of the Mask,2005,"Fantasy, Comedy, Family, Adventure",94,3.6,84000000.0,N/a,Lawrence Guterman,"Jamie Kennedy, Alan Cumming, Traylor Howard, Kal Penn, Steven Wright"
Space Cowboys,2000,"Action, Adventure, Thriller",130,6.3,65000000.0,128884132.0,Clint Eastwood,"Clint Eastwood, Tommy Lee Jones, Donald Sutherland, James Garner, James Cromwell"
Space Jam,1996,"Animation, Comedy, Drama, Family, Fantasy",88,6.5,80000000.0,250200000.0,Joe Pytka,"Michael Jordan, Wayne Knight, Billy West, Dee Bradley Baker, Theresa Randle"
Spanglish,2004,Comedy,130,5.8,80000000.0,55041367.0,James L. Brooks,"Adam Sandler, Téa Leoni, Paz Vega, Cloris Leachman, Shelbie Bruce"
Spawn,1997,"Action, Adventure, Fantasy, Horror, Science Fiction, Thriller",96,5.0,40000000.0,87840042.0,Mark A.Z. Dippé,"Michael Jai White, Martin Sheen, John Leguizamo, Theresa Randle, Nicol Williamson"
Spectre,2015,"Action, Adventure, Crime",148,6.3,245000000.0,880674609.0,Sam Mendes,"Daniel Craig, Christoph Waltz, Léa Seydoux, Ralph Fiennes, Monica Bellucci"
Speed 2: Cruise Control,1997,"Action, Adventure, Thriller",121,4.1,160000000.0,164508066.0,Jan de Bont,"Sandra Bullock, Jason Patric, Willem Dafoe, Temuera Morrison, Mike Hagerty"
Speed Racer,2008,"Action, Family, Science Fiction",135,5.7,120000000.0,93945766.0,"Lilly Wachowski, Lana Wachowski","Emile Hirsch, Christina Ricci, Matthew Fox, Susan Sarandon, Scott Porter"
Sphere,1998,Science Fiction,134,5.8,75000000.0,13100000.0,Barry Levinson,"Dustin Hoffman, Sharon Stone, Samuel L. Jackson, Peter Coyote, Liev Schreiber"
Spider-Man,2002,"Fantasy, Action",121,6.8,139000000.0,821708551.0,Sam Raimi,"Tobey Maguire, Willem Dafoe, Kirsten Dunst, James Franco, Cliff Robertson"
Spider-Man 2,2004,"Action, Adventure, Fantasy",127,6.7,200000000.0,783766341.0,Sam Raimi,"Tobey Maguire, Kirsten Dunst, James Franco, Alfred Molina, Rosemary Harris"
Spider-Man 3,2007,"Fantasy, Action, Adventure",139,5.9,258000000.0,890871626.0,Sam Raimi,"Tobey Maguire, Kirsten Dunst, James Franco, Thomas Haden Church, Topher Grace"
Spirit: Stallion of the Cimarron,2002,"Western, Animation, Adventure, Comedy, Family",83,7.4,80000000.0,122563539.0,"Kelly Asbury, Lorna Cook","Matt Damon, James Cromwell, Daniel Studi, Chopper Bernet, Jeff LeBeau"
Spy Game,2001,"Action, Crime, Thriller",126,6.8,92000000.0,143049560.0,Tony Scott,"Robert Redford, Brad Pitt, Catherine McCormack, Stephen Dillane, Larry Bryggman"
Spy Kids 3-D: Game Over,2003,"Action, Adventure, Comedy, Family, Science Fiction",84,4.7,38000000.0,197011982.0,Robert Rodriguez,"Antonio Banderas, Carla Gugino, Alexa PenaVega, Daryl Sabara, Sylvester Stallone"
Star Trek,2009,"Science Fiction, Action, Adventure",127,7.4,150000000.0,385680446.0,J.J. Abrams,"Chris Pine, Zachary Quinto, Leonard Nimoy, Eric Bana, Bruce Greenwood"
Star Trek Beyond,2016,"Action, Adventure, Science Fiction",122,6.6,185000000.0,343471816.0,Justin Lin,"Chris Pine, Zachary Quinto, Karl Urban, Simon Pegg, Zoe Saldana"
Star Trek Into Darkness,2013,"Action, Adventure, Science Fiction",132,7.4,190000000.0,467365246.0,J.J. Abrams,"Chris Pine, Zachary Quinto, Zoe Saldana, Karl Urban, Simon Pegg"
Star Trek: First Contact,1996,"Science Fiction, Action, Adventure, Thriller",111,7.0,46000000.0,150000000.0,Jonathan Frakes,"Patrick Stewart, Jonathan Frakes, Brent Spiner, LeVar Burton, Michael Dorn"
Star Trek: Insurrection,1998,"Science Fiction, Action, Adventure, Thriller",103,6.3,70000000.0,118000000.0,Jonathan Frakes,"Patrick Stewart, Jonathan Frakes, Brent Spiner, LeVar Burton, Michael Dorn"
Star Trek: Nemesis,2002,"Science Fiction, Action, Adventure, Thriller",117,6.1,60000000.0,67312826.0,Stuart Baird,"Patrick Stewart, Jonathan Frakes, Brent Spiner, LeVar Burton, Michael Dorn"
Star Wars: Episode I - The Phantom Menace,1999,"Adventure, Action, Science Fiction",136,6.3,115000000.0,924317558.0,George Lucas,"Liam Neeson, Ewan McGregor, Natalie Portman, Jake Lloyd, Ian McDiarmid"
Star Wars: Episode II - Attack of the Clones,2002,"Adventure, Action, Science Fiction",142,6.4,120000000.0,649398328.0,George Lucas,"Ewan McGregor, Natalie Portman, Hayden Christensen, Ian McDiarmid, Samuel L. Jackson"
Star Wars: Episode III - Revenge of the Sith,2005,"Science Fiction, Adventure, Action",140,7.1,113000000.0,850000000.0,George Lucas,"Ewan McGregor, Natalie Portman, Hayden Christensen, Ian McDiarmid, Samuel L. Jackson"
Stardust,2007,"Adventure, Fantasy, Romance, Family",127,7.1,70000000.0,135560026.0,Matthew Vaughn,"Claire Danes, Charlie Cox, Michelle Pfeiffer, Robert De Niro, Sienna Miller"
Starship Troopers,1997,"Adventure, Action, Thriller, Science Fiction",129,6.7,105000000.0,121214377.0,Paul Verhoeven,"Casper Van Dien, Dina Meyer, Denise Richards, Jake Busey, Neil Patrick Harris"
Starsky & Hutch,2004,"Comedy, Crime",101,5.6,60000000.0,170268750.0,Todd Phillips,"Ben Stiller, Owen Wilson, Snoop Dogg, Fred Williamson, Vince Vaughn"
State of Play,2009,Action,127,6.7,60000000.0,87784194.0,Kevin Macdonald,"Russell Crowe, Ben Affleck, Rachel McAdams, Robin Wright, Jason Bateman"
Stealth,2005,Action,121,4.9,135000000.0,76932943.0,Rob Cohen,"Josh Lucas, Jessica Biel, Jamie Foxx, Sam Shepard, Richard Roxburgh"
Step Brothers,2008,Comedy,98,6.5,65000000.0,128107642.0,Adam McKay,"Will Ferrell, John C. Reilly, Mary Steenburgen, Richard Jenkins, Adam Scott"
Stepmom,1998,"Drama, Romance",124,6.9,N/a,N/a,Chris Columbus,"Julia Roberts, Susan Sarandon, Ed Harris, Jena Malone, Liam Aiken"
Street Fighter: The Legend of Chun-Li,2009,"Action, Adventure, Science Fiction, Thriller",97,3.9,50000000.0,12764201.0,Andrzej Bartkowiak,"Kristin Kreuk, Chris Klein, Neal McDonough, Michael Clarke Duncan, Moon Bloodgood"
Striptease,1996,"Drama, Thriller, Crime",115,4.4,50000000.0,113309743.0,Andrew Bergman,"Demi Moore, Burt Reynolds, Armand Assante, Ving Rhames, Robert Patrick"
Stuart Little,1999,"Animation, Fantasy, Family, Comedy",84,5.8,133000000.0,300135367.0,Rob Minkoff,"Michael J. Fox, Geena Davis, Hugh Laurie, Jonathan Lipnicki, Nathan Lane"
Stuart Little 2,2002,"Family, Adventure, Animation, Comedy",78,5.4,120000000.0,169956806.0,Rob Minkoff,"Michael J. Fox, Geena Davis, Hugh Laurie, Jonathan Lipnicki, Anna Hoelck"
Stuck on You,2003,Comedy,118,5.1,55000000.0,33828318.0,"Bobby Farrelly, Peter Farrelly","Matt Damon, Greg Kinnear, Eva Mendes, Wen Yann Shih, Seymour Cassel"
Sucker Punch,2011,"Action, Fantasy, Thriller",110,5.9,82000000.0,89792502.0,Zack Snyder,"Emily Browning, Abbie Cornish, Jena Malone, Vanessa Hudgens, Jamie Chung"
Suicide Squad,2016,"Action, Adventure, Crime, Fantasy, Science Fiction",123,5.9,175000000.0,745000000.0,David Ayer,"Will Smith, Margot Robbie, Joel Kinnaman, Viola Davis, Jared Leto"
Super 8,2011,"Thriller, Science Fiction, Mystery",112,6.6,50000000.0,260095987.0,J.J. Abrams,"Joel Courtney, Elle Fanning, Riley Griffiths, Kyle Chandler, Ryan Lee"
Super Mario Bros.,1993,"Adventure, Comedy, Family, Fantasy",104,4.0,48000000.0,20915465.0,"Annabel Jankel, Rocky Morton","Bob Hoskins, John Leguizamo, Dennis Hopper, Samantha Mathis, Fisher Stevens"
Superman,1978,"Action, Adventure, Fantasy, Science Fiction",143,6.9,55000000.0,300218018.0,Richard Donner,"Christopher Reeve, Marlon Brando, Margot Kidder, Gene Hackman, Ned Beatty"
Superman II,1980,"Action, Adventure, Fantasy, Science Fiction",127,6.5,54000000.0,190458706.0,Richard Lester,"Gene Hackman, Christopher Reeve, Ned Beatty, Jackie Cooper, Sarah Douglas"
Superman Returns,2006,"Adventure, Fantasy, Action, Science Fiction",154,5.4,270000000.0,391081192.0,Bryan Singer,"Brandon Routh, Kevin Spacey, Kate Bosworth, James Marsden, Parker Posey"
Supernova,2000,"Horror, Science Fiction, Thriller",91,4.9,90000000.0,14828081.0,"Walter Hill, Jack Sholder","James Spader, Angela Bassett, Robert Forster, Lou Diamond Phillips, Peter Facinelli"
Surf's Up,2007,"Animation, Comedy, Family",85,5.9,85000000.0,149044513.0,"Ash Brannon, Chris Buck","Shia LaBeouf, Jeff Bridges, Zooey Deschanel, Jon Heder, James Woods"
Surrogates,2009,"Action, Science Fiction, Thriller",89,5.9,80000000.0,122444772.0,Jonathan Mostow,"Bruce Willis, Radha Mitchell, Rosamund Pike, James Cromwell, Ving Rhames"
Swordfish,2001,"Action, Crime, Thriller",99,6.1,102000000.0,147080413.0,Dominic Sena,"John Travolta, Hugh Jackman, Halle Berry, Don Cheadle, Sam Shepard"
Syriana,2005,"Drama, Thriller",128,6.3,50000000.0,94000000.0,Stephen Gaghan,"George Clooney, Matt Damon, Jeffrey Wright, Chris Cooper, Amanda Peet"
TRON: Legacy,2010,"Adventure, Action, Science Fiction",125,6.3,170000000.0,400062763.0,Joseph Kosinski,"Garrett Hedlund, Jeff Bridges, Olivia Wilde, Bruce Boxleitner, Yaya DaCosta"
Taken 2,2012,"Action, Crime, Thriller",91,6.1,45000000.0,376141306.0,Olivier Megaton,"Liam Neeson, Maggie Grace, Famke Janssen, Rade Serbedzija, Luke Grimes"
Taken 3,2014,"Thriller, Action",109,6.1,48000000.0,325771424.0,Olivier Megaton,"Liam Neeson, Forest Whitaker, Maggie Grace, Famke Janssen, Dougray Scott"
Talladega Nights: The Ballad of Ricky Bobby,2006,Comedy,116,6.2,72500000.0,162966177.0,Adam McKay,"Will Ferrell, John C. Reilly, Sacha Baron Cohen, Gary Cole, Michael Clarke Duncan"
Tangled,2010,"Animation, Family",100,7.4,260000000.0,591794936.0,"Byron Howard, Nathan Greno","Zachary Levi, Mandy Moore, Donna Murphy, Ron Perlman, M.C. Gainey"
Tango & Cash,1989,"Action, Adventure, Comedy",104,6.1,55000000.0,63408614.0,"Andrei Konchalovsky, Albert Magnoli","Sylvester Stallone, Kurt Russell, Teri Hatcher, Jack Palance, Brion James"
Tears of the Sun,2003,"Action, Drama, War",121,6.4,70000000.0,85632458.0,Antoine Fuqua,"Bruce Willis, Monica Bellucci, Cole Hauser, Eamonn Walker, Johnny Messner"
Ted,2012,"Comedy, Fantasy",106,6.3,50000000.0,549368315.0,Seth MacFarlane,"Mark Wahlberg, Mila Kunis, Seth MacFarlane, Joel McHale, Giovanni Ribisi"
Ted 2,2015,Comedy,115,6.2,68000000.0,217022588.0,Seth MacFarlane,"Mark Wahlberg, Seth MacFarlane, Amanda Seyfried, Jessica Barth, Giovanni Ribisi"
Teenage Mutant Ninja Turtles,2014,"Science Fiction, Action, Adventure, Fantasy, Comedy",101,5.8,125000000.0,477200000.0,Jonathan Liebesman,"Megan Fox, Will Arnett, William Fichtner, Alan Ritchson, Noel Fisher"
Teenage Mutant Ninja Turtles: Out of the Shadows,2016,"Fantasy, Action, Adventure, Comedy",112,5.8,135000000.0,245623848.0,Dave Green,"Megan Fox, Stephen Amell, Will Arnett, Laura Linney, Pete Ploszek"
Terminator 2: Judgment Day,1991,"Action, Thriller, Science Fiction",137,7.7,100000000.0,520000000.0,James Cameron,"Arnold Schwarzenegger, Linda Hamilton, Robert Patrick, Edward Furlong, Michael Edwards"
Terminator 3: Rise of the Machines,2003,"Action, Thriller, Science Fiction",109,5.9,200000000.0,435000000.0,Jonathan Mostow,"Arnold Schwarzenegger, Nick Stahl, Claire Danes, Kristanna Loken, David Andrews"
Terminator Genisys,2015,"Science Fiction, Action, Thriller, Adventure",126,5.8,155000000.0,440603537.0,Alan Taylor,"Arnold Schwarzenegger, Jason Clarke, Emilia Clarke, Jai Courtney, J.K. Simmons"
Terminator Salvation,2009,"Action, Science Fiction, Thriller",115,5.9,200000000.0,371353001.0,McG,"Christian Bale, Sam Worthington, Anton Yelchin, Moon Bloodgood, Bryce Dallas Howard"
That's My Boy,2012,Comedy,116,5.5,70000000.0,58058367.0,Sean Anders,"Adam Sandler, Susan Sarandon, Eva Amurri Martino, Leighton Meester, Andy Samberg"
The 13th Warrior,1999,"Adventure, Fantasy, Action",102,6.4,160000000.0,61698899.0,John McTiernan,"Antonio Banderas, Vladimir Kulich, Dennis Storhøi, Daniel Southern, Clive Russell"
The 6th Day,2000,Science Fiction,123,5.7,82000000.0,96085477.0,Roger Spottiswoode,"Arnold Schwarzenegger, Michael Rapaport, Tony Goldwyn, Michael Rooker, Sarah Wynter"
The Abyss,1989,"Adventure, Action, Thriller, Science Fiction",139,7.1,70000000.0,90000098.0,James Cameron,"Ed Harris, Mary Elizabeth Mastrantonio, Michael Biehn, Leo Burmester, Todd Graff"
The Adjustment Bureau,2011,"Science Fiction, Thriller, Romance",106,6.5,50200000.0,127869379.0,George Nolfi,"Matt Damon, Emily Blunt, John Slattery, Anthony Mackie, Lauren Hodges"
The Adventures of Ford Fairlane,1990,"Action, Comedy, Thriller, Crime, Mystery",104,6.2,49000000.0,20423389.0,Renny Harlin,"Andrew Dice Clay, Wayne Newton, Priscilla Presley, Morris Day, Lauren Holly"
The Adventures of Pluto Nash,2002,"Action, Comedy, Science Fiction",95,4.4,100000000.0,7103973.0,Ron Underwood,"Eddie Murphy, Randy Quaid, Rosario Dawson, Joe Pantoliano, Jay Mohr"
The Adventures of Rocky & Bullwinkle,2000,"Action, Adventure, Animation, Comedy, Family",88,3.9,76000000.0,35134820.0,Des McAnuff,"Rene Russo, Jason Alexander, Piper Perabo, Randy Quaid, Robert De Niro"
The Adventures of Sharkboy and Lavagirl,2005,"Adventure, Family, Science Fiction",92,4.4,50000000.0,69425966.0,Robert Rodriguez,"Taylor Lautner, Taylor Dooley, Cayden Boyd, David Arquette, Kristin Davis"
The Adventures of Tintin,2011,"Adventure, Animation, Mystery",107,6.7,130000000.0,371940071.0,Steven Spielberg,"Jamie Bell, Andy Serkis, Daniel Craig, Nick Frost, Simon Pegg"
The Alamo,2004,"Western, History, War",137,5.8,145000000.0,25819961.0,John Lee Hancock,"Dennis Quaid, Billy Bob Thornton, Jason Patric, Patrick Wilson, Emilio Echevarría"
The Amazing Spider-Man,2012,"Action, Adventure, Fantasy",136,6.5,215000000.0,752215857.0,Marc Webb,"Andrew Garfield, Emma Stone, Rhys Ifans, Denis Leary, Campbell Scott"
The Amazing Spider-Man 2,2014,"Action, Adventure, Fantasy",142,6.5,200000000.0,705717432.0,Marc Webb,"Andrew Garfield, Emma Stone, Jamie Foxx, Dane DeHaan, Campbell Scott"
The American President,1995,"Comedy, Drama, Romance",106,6.5,62000000.0,107879496.0,Rob Reiner,"Michael Douglas, Annette Bening, Michael J. Fox, Martin Sheen, Anna Deavere Smith"
The Angry Birds Movie,2016,"Family, Animation",97,5.9,73000000.0,349779543.0,"Fergal Reilly, Clay Kaytis","Jason Sudeikis, Josh Gad, Danny McBride, Maya Rudolph, Bill Hader"
The Ant Bully,2006,"Fantasy, Adventure, Animation, Comedy, Family",88,5.5,50000000.0,55181129.0,John A. Davis,"Julia Roberts, Meryl Streep, Nicolas Cage, Paul Giamatti, Bruce Campbell"
The Avengers,2012,"Science Fiction, Action, Adventure",143,7.4,220000000.0,1519557910.0,Joss Whedon,"Robert Downey Jr., Chris Evans, Mark Ruffalo, Chris Hemsworth, Scarlett Johansson"
The Aviator,2004,Drama,170,7.0,116000000.0,102000000.0,Martin Scorsese,"Leonardo DiCaprio, Cate Blanchett, Kate Beckinsale, John C. Reilly, Alec Baldwin"
The BFG,2016,"Adventure, Family, Fantasy",120,6.0,140000000.0,183345589.0,Steven Spielberg,"Ruby Barnhill, Mark Rylance, Rebecca Hall, Jemaine Clement, Bill Hader"
The Beach,2000,"Drama, Adventure, Romance, Thriller",119,6.3,40000000.0,144056873.0,Danny Boyle,"Leonardo DiCaprio, Guillaume Canet, Tilda Swinton, Virginie Ledoyen, Staffan Kihlbom"
The Big Bounce,2004,"Comedy, Crime",88,5.0,50000000.0,6808550.0,George Armitage,"Owen Wilson, Morgan Freeman, Gary Sinise, Sara Foster, Willie Nelson"
The Big Year,2011,Comedy,100,5.6,41000000.0,7448385.0,David Frankel,"Owen Wilson, Steve Martin, Jack Black, Rashida Jones, Jim Parsons"
The Black Dahlia,2006,Drama,121,5.7,50000000.0,49111202.0,Brian De Palma,"Josh Hartnett, Scarlett Johansson, Aaron Eckhart, Hilary Swank, Mia Kirshner"
The Boat That Rocked,2009,"Drama, Comedy",116,7.2,50000000.0,36348784.0,Richard Curtis,"Tom Sturridge, Philip Seymour Hoffman, Rhys Ifans, Bill Nighy, Emma Thompson"
The Bone Collector,1999,"Drama, Mystery, Thriller, Crime",118,6.5,73000000.0,151493655.0,Phillip Noyce,"Denzel Washington, Angelina Jolie, Queen Latifah, Michael Rooker, Michael McGlone"
The Book of Eli,2010,"Action, Thriller, Science Fiction",118,6.6,80000000.0,157107755.0,"Albert Hughes, Allen Hughes","Denzel Washington, Gary Oldman, Mila Kunis, Ray Stevenson, Jennifer Beals"
The Book of Life,2014,"Romance, Animation, Adventure, Comedy, Family, Fantasy",95,7.3,50000000.0,97437106.0,Jorge R. Gutierrez,"Diego Luna, Channing Tatum, Zoe Saldana, Christina Applegate, Eugenio Derbez"
The Bounty Hunter,2010,Action,110,5.5,40000000.0,136000000.0,Andy Tennant,"Gerard Butler, Jennifer Aniston, Gio Perez, Siobhan Fallon, Joel Garland"
The Bourne Identity,2002,"Action, Drama, Mystery, Thriller",119,7.3,60000000.0,214034224.0,Doug Liman,"Matt Damon, Franka Potente, Chris Cooper, Clive Owen, Brian Cox"
The Bourne Legacy,2012,"Action, Thriller",120,6.0,130000000.0,276572938.0,Tony Gilroy,"Jeremy Renner, Rachel Weisz, Edward Norton, Scott Glenn, Stacy Keach"
The Bourne Supremacy,2004,"Action, Drama, Thriller",108,7.2,75000000.0,288500217.0,Paul Greengrass,"Matt Damon, Franka Potente, Brian Cox, Julia Stiles, Karl Urban"
The Bourne Ultimatum,2007,"Action, Drama, Mystery, Thriller",115,7.3,70000000.0,442824138.0,Paul Greengrass,"Matt Damon, Julia Stiles, David Strathairn, Scott Glenn, Paddy Considine"
The Boxtrolls,2014,"Animation, Comedy, Family, Fantasy",97,6.6,60000000.0,108255770.0,"Anthony Stacchi, Graham Annable","Ben Kingsley, Isaac Hempstead-Wright, Elle Fanning, Dee Bradley Baker, Toni Collette"
The Break-Up,2006,"Romance, Comedy",106,5.6,52000000.0,204999686.0,Peyton Reed,"Vince Vaughn, Jennifer Aniston, Joey Lauren Adams, Cole Hauser, Jon Favreau"
The Brothers Grimm,2005,"Adventure, Fantasy, Action, Comedy, Thriller",118,5.6,88000000.0,105316267.0,Terry Gilliam,"Heath Ledger, Matt Damon, Mackenzie Crook, Roger Ashton-Griffiths, Peter Stormare"
The Bucket List,2007,"Drama, Comedy",97,7.0,45000000.0,175372502.0,Rob Reiner,"Jack Nicholson, Morgan Freeman, Sean Hayes, Beverly Todd, Alfonso Freeman"
The Cable Guy,1996,"Comedy, Drama, Thriller",96,5.7,47000000.0,102825796.0,Ben Stiller,"Jim Carrey, Matthew Broderick, Leslie Mann, Jack Black, George Segal"
The Campaign,2012,Comedy,85,5.6,N/a,104907746.0,Jay Roach,"Will Ferrell, Zach Galifianakis, Dylan McDermott, Jason Sudeikis, Sarah Baker"
The Cat in the Hat,2003,"Comedy, Fantasy, Family",82,4.9,N/a,N/a,Bo Welch,"Mike Myers, Dakota Fanning, Spencer Breslin, Kelly Preston, Alec Baldwin"
The Change-Up,2011,Comedy,112,5.9,52000000.0,75450437.0,David Dobkin,"Olivia Wilde, Ryan Reynolds, Jason Bateman, Leslie Mann, Mircea Monroe"
The Chronicles of Narnia: Prince Caspian,2008,"Adventure, Family, Fantasy",150,6.3,225000000.0,419651413.0,Andrew Adamson,"Ben Barnes, William Moseley, Anna Popplewell, Skandar Keynes, Georgie Henley"
"The Chronicles of Narnia: The Lion, the Witch and the Wardrobe",2005,"Adventure, Family, Fantasy",143,6.7,180000000.0,748806957.0,Andrew Adamson,"William Moseley, Anna Popplewell, Skandar Keynes, Georgie Henley, Liam Neeson"
The Chronicles of Narnia: The Voyage of the Dawn Treader,2010,"Adventure, Family, Fantasy",113,6.2,155000000.0,415686217.0,Michael Apted,"Skandar Keynes, Georgie Henley, Simon Pegg, Gary Sweet, Arthur Angel"
The Chronicles of Riddick,2004,"Action, Science Fiction",119,6.3,105000000.0,115772733.0,David Twohy,"Vin Diesel, Thandie Newton, Karl Urban, Colm Feore, Linus Roache"
The Client,1994,"Drama, Thriller, Crime, Mystery",119,6.4,45000000.0,117615211.0,Joel Schumacher,"Susan Sarandon, Tommy Lee Jones, Mary-Louise Parker, Anthony LaPaglia, Bradley Whitford"
The Conjuring 2,2016,Horror,134,7.0,40000000.0,320170008.0,James Wan,"Patrick Wilson, Vera Farmiga, Madison Wolfe, Frances O'Connor, Lauren Esposito"
The Core,2003,"Action, Thriller, Adventure, Science Fiction",136,5.4,60000000.0,74208267.0,Jon Amiel,"Aaron Eckhart, Hilary Swank, Delroy Lindo, Stanley Tucci, Tchéky Karyo"
The Cotton Club,1984,"Music, Drama, Crime, Romance",127,6.6,58000000.0,25928721.0,Francis Ford Coppola,"Richard Gere, Gregory Hines, Diane Lane, Lonette McKee, Bob Hoskins"
The Count of Monte Cristo,2002,"Action, Adventure, Drama, Thriller",131,7.3,35000000.0,75395048.0,Kevin Reynolds,"Jim Caviezel, Guy Pearce, Richard Harris, James Frain, Dagmara Domińczyk"
The Croods,2013,"Adventure, Animation, Comedy, Family, Fantasy",98,6.8,135000000.0,585178928.0,"Chris Sanders, Kirk De Micco","Nicolas Cage, Emma Stone, Ryan Reynolds, Catherine Keener, Cloris Leachman"
The Curious Case of Benjamin Button,2008,"Fantasy, Drama, Thriller, Mystery, Romance",166,7.3,150000000.0,333932083.0,David Fincher,"Cate Blanchett, Brad Pitt, Tilda Swinton, Julia Ormond, Elle Fanning"
The Da Vinci Code,2006,"Thriller, Mystery",149,6.5,125000000.0,767820459.0,Ron Howard,"Tom Hanks, Audrey Tautou, Ian McKellen, Paul Bettany, Jean Reno"
The Dark Knight,2008,"Drama, Action, Crime, Thriller",152,8.2,185000000.0,1004558444.0,Christopher Nolan,"Christian Bale, Heath Ledger, Aaron Eckhart, Michael Caine, Maggie Gyllenhaal"
The Dark Knight Rises,2012,"Action, Crime, Drama, Thriller",165,7.6,250000000.0,1084939099.0,Christopher Nolan,"Christian Bale, Michael Caine, Gary Oldman, Anne Hathaway, Tom Hardy"
The Day After Tomorrow,2004,"Action, Adventure, Science Fiction, Thriller",124,6.2,125000000.0,544272402.0,Roland Emmerich,"Dennis Quaid, Jake Gyllenhaal, Emmy Rossum, Dash Mihok, Jay O. Sanders"
The Day the Earth Stood Still,2008,"Drama, Science Fiction, Thriller",104,5.2,80000000.0,233093859.0,Scott Derrickson,"Keanu Reeves, Jennifer Connelly, Kathy Bates, Jaden Smith, John Cleese"
The Departed,2006,"Drama, Thriller, Crime",151,7.9,90000000.0,289847354.0,Martin Scorsese,"Leonardo DiCaprio, Matt Damon, Jack Nicholson, Mark Wahlberg, Martin Sheen"
The Devil's Advocate,1997,"Drama, Horror, Mystery, Thriller",144,7.2,57000000.0,152944660.0,Taylor Hackford,"Keanu Reeves, Al Pacino, Charlize Theron, Jeffrey Jones, Judith Ivey"
The Devil's Own,1997,"Crime, Thriller, Drama",107,5.9,90000000.0,140807547.0,Alan J. Pakula,"Harrison Ford, Brad Pitt, Margaret Colin, Rubén Blades, Treat Williams"
The Dictator,2012,Comedy,83,5.9,65000000.0,179379533.0,Larry Charles,"Sacha Baron Cohen, Sayed Badreya, Aasif Mandvi, Megan Fox, Anna Faris"
The Dilemma,2011,"Comedy, Drama",111,5.2,70000000.0,67112664.0,Ron Howard,"Kevin James, Vince Vaughn, Winona Ryder, Jennifer Connelly, Queen Latifah"
The Dukes of Hazzard,2005,"Action, Adventure, Comedy",104,5.1,50000000.0,110803676.0,Jay Chandrasekhar,"Johnny Knoxville, Seann William Scott, Jessica Simpson, Willie Nelson, Burt Reynolds"
The Edge,1997,"Action, Adventure, Drama",117,6.7,N/a,43312294.0,Lee Tamahori,"Alec Baldwin, Anthony Hopkins, Elle Macpherson, Harold Perrineau, L.Q. Jones"
The Emperor's New Groove,2000,"Adventure, Animation, Comedy, Family, Fantasy",78,7.2,100000000.0,169327687.0,Mark Dindal,"David Spade, John Goodman, Eartha Kitt, Patrick Warburton, Wendie Malick"
The Equalizer,2014,"Thriller, Action, Crime",132,7.1,55000000.0,192330738.0,Antoine Fuqua,"Denzel Washington, Marton Csokas, Chloë Grace Moretz, David Harbour, Haley Bennett"
The Expendables,2010,"Thriller, Adventure, Action",103,6.0,80000000.0,274470394.0,Sylvester Stallone,"Sylvester Stallone, Jason Statham, Dolph Lundgren, Eric Roberts, Randy Couture"
The Expendables 2,2012,"Action, Adventure, Thriller",103,6.1,100000000.0,312573423.0,Simon West,"Sylvester Stallone, Jason Statham, Dolph Lundgren, Bruce Willis, Arnold Schwarzenegger"
The Expendables 3,2014,"Action, Adventure, Thriller",127,6.1,90000000.0,206172544.0,Patrick Hughes,"Sylvester Stallone, Jason Statham, Harrison Ford, Arnold Schwarzenegger, Mel Gibson"
The Family Man,2000,"Comedy, Drama, Romance, Fantasy",125,6.5,60000000.0,N/a,Brett Ratner,"Nicolas Cage, Téa Leoni, Don Cheadle, Saul Rubinek, Amber Valletta"
The Fan,1996,"Drama, Mystery, Thriller",116,5.7,55000000.0,18626419.0,Tony Scott,"Robert De Niro, Wesley Snipes, Ellen Barkin, John Leguizamo, Benicio del Toro"
The Fast and the Furious,2001,"Action, Crime, Thriller",106,6.6,38000000.0,207283925.0,Rob Cohen,"Paul Walker, Vin Diesel, Michelle Rodriguez, Jordana Brewster, Rick Yune"
The Fast and the Furious: Tokyo Drift,2006,"Action, Crime, Drama, Thriller",104,6.1,85000000.0,158468292.0,Justin Lin,"Lucas Black, Nathalie Kelley, Sung Kang, Shad Moss, Brian Tee"
The Fifth Element,1997,"Adventure, Fantasy, Action, Thriller, Science Fiction",126,7.3,90000000.0,263920180.0,Luc Besson,"Bruce Willis, Gary Oldman, Ian Holm, Milla Jovovich, Chris Tucker"
The Final Destination,2009,"Horror, Mystery",82,5.4,40000000.0,186167139.0,David R. Ellis,"Bobby Campo, Shantel VanSanten, Nick Zano, Haley Webb, Krista Allen"
The Finest Hours,2016,"Action, Drama, History, Thriller",114,6.3,80000000.0,52099090.0,Craig Gillespie,"Chris Pine, Casey Affleck, Ben Foster, Eric Bana, Holliday Grainger"
The Firm,1993,"Drama, Mystery, Thriller",154,6.6,42000000.0,270248367.0,Sydney Pollack,"Tom Cruise, Jeanne Tripplehorn, Gene Hackman, Holly Hunter, Ed Harris"
The Flintstones,1994,"Fantasy, Comedy, Family",91,5.0,46000000.0,341631208.0,Brian Levant,"John Goodman, Elizabeth Perkins, Rick Moranis, Rosie O'Donnell, Kyle MacLachlan"
The Flintstones in Viva Rock Vegas,2000,"Science Fiction, Comedy, Family, Romance",90,4.4,83000000.0,59468275.0,Brian Levant,"Mark Addy, Stephen Baldwin, Kristen Johnston, Jane Krakowski, Joan Collins"
The Flowers of War,2011,"Drama, History, War",145,7.1,94000000.0,95311434.0,Zhang Yimou,"Christian Bale, Ni Ni, Tong Dawei, Zhang Xinyi, Shigeo Kobayashi"
The Forbidden Kingdom,2008,"Action, Adventure, Fantasy",104,6.3,55000000.0,127906624.0,Rob Minkoff,"Jackie Chan, Jet Li, Michael Angarano, Liu Yifei, Li Bingbing"
The Fugitive,1993,"Adventure, Action, Thriller, Crime, Mystery",130,7.2,44000000.0,368875760.0,Andrew Davis,"Harrison Ford, Tommy Lee Jones, Sela Ward, Julianne Moore, Joe Pantoliano"
The Game,1997,"Drama, Thriller, Mystery",129,7.5,50000000.0,109423648.0,David Fincher,"Michael Douglas, Sean Penn, Deborah Kara Unger, James Rebhorn, Spike Jonze"
The General's Daughter,1999,"Crime, Drama, Mystery, Thriller",116,6.1,60000000.0,149705852.0,Simon West,"John Travolta, Madeleine Stowe, James Cromwell, Timothy Hutton, Leslie Stefanson"
The Ghost Writer,2010,"Thriller, Mystery",128,6.7,45000000.0,60222298.0,Roman Polanski,"Ewan McGregor, Pierce Brosnan, Jon Bernthal, Kim Cattrall, Tom Wilkinson"
The Ghost and the Darkness,1996,Adventure,109,6.4,50000000.0,75000000.0,Stephen Hopkins,"Michael Douglas, Val Kilmer, Tom Wilkinson, John Kani, Emily Mortimer"
The Girl with the Dragon Tattoo,2011,"Thriller, Crime, Mystery, Drama",158,7.2,90000000.0,232617430.0,David Fincher,"Daniel Craig, Rooney Mara, Christopher Plummer, Goran Visnjic, Stellan Skarsgård"
The Glimmer Man,1996,"Action, Adventure, Crime, Drama, Thriller",92,4.7,45000000.0,N/a,John Gray,"Steven Seagal, Keenen Ivory Wayans, Bob Gunton, Brian Cox, Michelle Johnson"
The Godfather: Part III,1990,"Crime, Drama, Thriller",162,7.1,54000000.0,136766062.0,Francis Ford Coppola,"Al Pacino, Diane Keaton, Andy García, Talia Shire, Sofia Coppola"
The Golden Compass,2007,"Adventure, Fantasy",113,5.8,180000000.0,372234864.0,Chris Weitz,"Dakota Blue Richards, Nicole Kidman, Daniel Craig, Sam Elliott, Eva Green"
The Good Dinosaur,2015,"Adventure, Animation, Family",93,6.6,175000000.0,331926147.0,Peter Sohn,"Raymond Ochoa, Jack Bright, Jeffrey Wright, Frances McDormand, Maleah Nipay-Padilla"
The Great Gatsby,2013,"Drama, Romance",143,7.3,105000000.0,351040419.0,Baz Luhrmann,"Leonardo DiCaprio, Tobey Maguire, Carey Mulligan, Joel Edgerton, Elizabeth Debicki"
The Great Raid,2005,"Action, History, War",132,6.8,80000000.0,10166502.0,John Dahl,"Benjamin Bratt, James Franco, Connie Nielsen, Marton Csokas, Joseph Fiennes"
The Green Hornet,2011,"Action, Crime, Comedy",119,5.5,120000000.0,227817248.0,Michel Gondry,"Seth Rogen, Jay Chou, Christoph Waltz, Cameron Diaz, Edward Furlong"
The Green Mile,1999,"Fantasy, Drama, Crime",189,8.2,60000000.0,284600000.0,Frank Darabont,"Tom Hanks, Michael Clarke Duncan, David Morse, Bonnie Hunt, James Cromwell"
The Hangover Part II,2011,Comedy,102,6.2,80000000.0,254455986.0,Todd Phillips,"Bradley Cooper, Ed Helms, Zach Galifianakis, Justin Bartha, Ken Jeong"
The Happening,2008,"Thriller, Science Fiction",91,4.9,60000000.0,163403799.0,M. Night Shyamalan,"Mark Wahlberg, Zooey Deschanel, John Leguizamo, Spencer Breslin, Betty Buckley"
The Hateful Eight,2015,"Crime, Drama, Mystery, Western",167,7.6,44000000.0,155760117.0,Quentin Tarantino,"Samuel L. Jackson, Kurt Russell, Jennifer Jason Leigh, Walton Goggins, Demián Bichir"
The Haunted Mansion,2003,"Thriller, Fantasy, Comedy, Family, Mystery",99,5.2,90000000.0,182290266.0,Rob Minkoff,"Eddie Murphy, Terence Stamp, Nathaniel Parker, Marsha Thomason, Jennifer Tilly"
The Haunting,1999,"Horror, Thriller, Fantasy, Mystery",113,5.2,80000000.0,91188905.0,Jan de Bont,"Liam Neeson, Catherine Zeta-Jones, Owen Wilson, Lili Taylor, Bruce Dern"
The Heat,2013,"Action, Comedy, Crime",117,6.5,43000000.0,158674180.0,Paul Feig,"Sandra Bullock, Melissa McCarthy, Demián Bichir, Michael Rapaport, Taran Killam"
The Hitchhiker's Guide to the Galaxy,2005,"Adventure, Comedy, Family, Science Fiction",109,6.6,50000000.0,104478416.0,Garth Jennings,"Martin Freeman, Zooey Deschanel, Sam Rockwell, Yasiin Bey, John Malkovich"
The Hobbit: An Unexpected Journey,2012,"Adventure, Fantasy, Action",169,7.0,250000000.0,1021103568.0,Peter Jackson,"Ian McKellen, Martin Freeman, Richard Armitage, Andy Serkis, Cate Blanchett"
The Hobbit: The Battle of the Five Armies,2014,"Action, Adventure, Fantasy",144,7.1,250000000.0,956019788.0,Peter Jackson,"Martin Freeman, Ian McKellen, Richard Armitage, Ken Stott, Graham McTavish"
The Hobbit: The Desolation of Smaug,2013,"Adventure, Fantasy",161,7.6,250000000.0,958400000.0,Peter Jackson,"Martin Freeman, Ian McKellen, Richard Armitage, Ken Stott, Graham McTavish"
The Holiday,2006,"Comedy, Romance",136,6.7,85000000.0,194168700.0,Nancy Meyers,"Cameron Diaz, Kate Winslet, Jude Law, Jack Black, Eli Wallach"
The Horse Whisperer,1998,"Drama, Romance",170,6.7,60000000.0,186883563.0,Robert Redford,"Robert Redford, Kristin Scott Thomas, Sam Neill, Scarlett Johansson, Dianne Wiest"
The Host,2013,"Action, Adventure, Romance, Science Fiction, Thriller",125,6.0,44000000.0,63327201.0,Andrew Niccol,"Saoirse Ronan, Diane Kruger, Jake Abel, William Hurt, Frances Fisher"
The Hunchback of Notre Dame,1996,"Drama, Animation, Family",91,6.8,100000000.0,100138851.0,"Gary Trousdale, Kirk Wise","Tom Hulce, Demi Moore, Tony Jay, Kevin Kline, Paul Kandel"
The Hunger Games,2012,"Science Fiction, Adventure, Fantasy",142,6.9,75000000.0,691210692.0,Gary Ross,"Jennifer Lawrence, Josh Hutcherson, Liam Hemsworth, Woody Harrelson, Elizabeth Banks"
The Hunger Games: Catching Fire,2013,"Adventure, Action, Science Fiction",146,7.4,130000000.0,847423452.0,Francis Lawrence,"Jennifer Lawrence, Josh Hutcherson, Liam Hemsworth, Woody Harrelson, Elizabeth Banks"
The Hunger Games: Mockingjay - Part 1,2014,"Science Fiction, Adventure, Thriller",123,6.6,125000000.0,752100229.0,Francis Lawrence,"Jennifer Lawrence, Josh Hutcherson, Liam Hemsworth, Woody Harrelson, Donald Sutherland"
The Hunger Games: Mockingjay - Part 2,2015,"Action, Adventure, Science Fiction",137,6.6,160000000.0,653428261.0,Francis Lawrence,"Jennifer Lawrence, Josh Hutcherson, Liam Hemsworth, Woody Harrelson, Elizabeth Banks"
The Hunted,2003,"Drama, Action, Thriller, Crime",94,6.0,55000000.0,34234008.0,William Friedkin,"Tommy Lee Jones, Benicio del Toro, Connie Nielsen, Leslie Stefanson, John Finn"
The Huntsman: Winter's War,2016,"Action, Adventure, Drama",114,6.0,115000000.0,164602163.0,Cedric Nicolas-Troyan,"Chris Hemsworth, Charlize Theron, Emily Blunt, Jessica Chastain, Nick Frost"
The Incredible Hulk,2008,"Science Fiction, Action, Adventure",114,6.1,150000000.0,163712074.0,Louis Leterrier,"Edward Norton, Liv Tyler, Tim Roth, William Hurt, Tim Blake Nelson"
The Incredibles,2004,"Action, Adventure, Animation, Family",115,7.4,92000000.0,631442092.0,Brad Bird,"Craig T. Nelson, Holly Hunter, Samuel L. Jackson, Jason Lee, Dominique Louis"
The Indian in the Cupboard,1995,"Adventure, Family, Fantasy",96,5.9,45000000.0,N/a,Frank Oz,"Hal Scardino, Litefoot, Lindsay Crouse, Richard Jenkins, Rishi Bhat"
The Infiltrator,2016,"Crime, Drama, Thriller",127,6.6,25000000.0,15436808.0,Brad Furman,"Bryan Cranston, Diane Kruger, John Leguizamo, Daniel Mays, Benjamin Bratt"
The Insider,1999,"Drama, Thriller",157,7.3,90000000.0,60289912.0,Michael Mann,"Al Pacino, Russell Crowe, Christopher Plummer, Diane Venora, Bruce McGill"
The Intern,2015,Comedy,121,7.1,35000000.0,194564672.0,Nancy Meyers,"Robert De Niro, Anne Hathaway, Rene Russo, Anders Holm, JoJo Kushner"
The International,2009,"Drama, Thriller, Crime",118,6.0,50000000.0,60161391.0,Tom Tykwer,"Clive Owen, Naomi Watts, Armin Mueller-Stahl, Ulrich Thomsen, Brían F. O'Byrne"
The Internship,2013,Comedy,119,6.1,58000000.0,44000000.0,Shawn Levy,"Owen Wilson, Vince Vaughn, Rose Byrne, Max Minghella, Aasif Mandvi"
The Interpreter,2005,"Crime, Thriller",128,6.2,80000000.0,162944923.0,Sydney Pollack,"Nicole Kidman, Sean Penn, Catherine Keener, Jesper Christensen, Yvan Attal"
The Interview,2014,"Action, Comedy",112,6.1,44000000.0,12342632.0,"Seth Rogen, Evan Goldberg","James Franco, Seth Rogen, Lizzy Caplan, Randall Park, Diana Bang"
The Invasion,2007,"Science Fiction, Thriller",99,5.7,80000000.0,15071514.0,"Oliver Hirschbiegel, James McTeigue","Nicole Kidman, Daniel Craig, Jeremy Northam, Jeffrey Wright, Jackson Bond"
The Iron Giant,1999,"Adventure, Animation, Family, Fantasy, Science Fiction",86,7.6,70000000.0,23159305.0,Brad Bird,"Eli Marienthal, Jennifer Aniston, Vin Diesel, Christopher McDonald, Harry Connick Jr."
The Island,2005,"Action, Thriller, Science Fiction, Adventure",136,6.5,126000000.0,162949164.0,Michael Bay,"Ewan McGregor, Scarlett Johansson, Djimon Hounsou, Sean Bean, Steve Buscemi"
The Italian Job,2003,"Action, Crime",110,6.6,60000000.0,176070171.0,F. Gary Gray,"Mark Wahlberg, Charlize Theron, Edward Norton, Seth Green, Jason Statham"
The Jackal,1997,"Action, Thriller, Adventure, Crime",124,6.1,60000000.0,159330280.0,Michael Caton-Jones,"Bruce Willis, Richard Gere, Sidney Poitier, Diane Venora, J.K. Simmons"
The Judge,2014,Drama,141,7.2,50000000.0,83719388.0,David Dobkin,"Robert Duvall, Robert Downey Jr., Vera Farmiga, Vincent D'Onofrio, Jeremy Strong"
The Jungle Book,2016,"Family, Adventure, Drama, Fantasy",106,6.7,175000000.0,966550600.0,Jon Favreau,"Neel Sethi, Bill Murray, Ben Kingsley, Idris Elba, Scarlett Johansson"
The Juror,1996,"Drama, Thriller",118,5.5,44000000.0,N/a,Brian Gibson,"Demi Moore, Alec Baldwin, Joseph Gordon-Levitt, Anne Heche, James Gandolfini"
The Karate Kid,1984,Drama,126,6.9,8000000.0,90815558.0,John G. Avildsen,"Ralph Macchio, Pat Morita, William Zabka, Martin Kove, Chad McQueen"
The Kid,2000,"Fantasy, Comedy, Family",104,6.0,65000000.0,69700000.0,Jon Turteltaub,"Bruce Willis, Spencer Breslin, Emily Mortimer, Lily Tomlin, Chi McBride"
The Kingdom,2007,"Thriller, Action, Drama",110,6.5,70000000.0,86658558.0,Peter Berg,"Jamie Foxx, Jennifer Garner, Chris Cooper, Jason Bateman, Ali Suliman"
The Last Airbender,2010,"Action, Adventure, Family, Fantasy",103,4.7,150000000.0,318502923.0,M. Night Shyamalan,"Noah Ringer, Nicola Peltz, Jackson Rathbone, Dev Patel, Shaun Toub"
The Last Castle,2001,"Action, Drama, Thriller",131,7.0,72000000.0,27642707.0,Rod Lurie,"Robert Redford, James Gandolfini, Mark Ruffalo, Steve Burton, Delroy Lindo"
The Last Legion,2007,"Action, Adventure, Fantasy, War",102,5.0,67000000.0,25303038.0,Doug Lefler,"Colin Firth, Ben Kingsley, Aishwarya Rai Bachchan, Peter Mullan, Kevin McKidd"
The Last Samurai,2003,"Drama, Action, War, History",154,7.3,140000000.0,456758981.0,Edward Zwick,"Tom Cruise, Ken Watanabe, William Atherton, Chad Lindberg, Billy Connolly"
The Last Witch Hunter,2015,"Fantasy, Action, Adventure",106,5.7,90000000.0,146936910.0,Breck Eisner,"Vin Diesel, Rose Leslie, Elijah Wood, Ólafur Darri Ólafsson, Rena Owen"
The Last of the Mohicans,1992,"Action, Adventure, Drama, History, Romance, War",112,7.1,40000000.0,75505856.0,Michael Mann,"Daniel Day-Lewis, Madeleine Stowe, Russell Means, Eric Schweig, Jodhi May"
The League of Extraordinary Gentlemen,2003,"Fantasy, Action, Thriller, Science Fiction",110,5.7,78000000.0,179265204.0,Stephen Norrington,"Sean Connery, Peta Wilson, Shane West, Stuart Townsend, Jason Flemyng"
The Legend of Bagger Vance,2000,"Fantasy, Drama",126,6.3,80000000.0,39459427.0,Robert Redford,"Matt Damon, Bruce McGill, Charlize Theron, Will Smith, Joel Gretsch"
The Legend of Hercules,2014,"Action, Adventure",99,4.4,70000000.0,61279452.0,Renny Harlin,"Kellan Lutz, Liam McIntyre, Gaia Weiss, Scott Adkins, Roxanne McKee"
The Legend of Tarzan,2016,"Action, Adventure",109,5.5,180000000.0,356743061.0,David Yates,"Alexander Skarsgård, Margot Robbie, Christoph Waltz, Samuel L. Jackson, Djimon Hounsou"
The Legend of Zorro,2005,"Action, Adventure",129,5.9,75000000.0,142400065.0,Martin Campbell,"Antonio Banderas, Catherine Zeta-Jones, Adrián Alonso Barona, Julio Oscar Mechoso, Nick Chinlund"
The Lego Movie,2014,"Adventure, Animation, Comedy, Family, Fantasy",100,7.5,60000000.0,469160692.0,"Phil Lord, Christopher Miller","Chris Pratt, Will Ferrell, Elizabeth Banks, Will Arnett, Nick Offerman"
The Life Aquatic with Steve Zissou,2004,"Adventure, Comedy, Drama",119,7.1,50000000.0,34808403.0,Wes Anderson,"Bill Murray, Anjelica Huston, Cate Blanchett, Willem Dafoe, Owen Wilson"
The Life of David Gale,2003,"Drama, Thriller, Crime",130,7.3,50000000.0,38955598.0,Alan Parker,"Kevin Spacey, Kate Winslet, Laura Linney, Gabriel Mann, Rhona Mitra"
The Lincoln Lawyer,2011,"Crime, Drama, Thriller",119,7.0,40000000.0,85412898.0,Brad Furman,"Matthew McConaughey, Marisa Tomei, Ryan Phillippe, William H. Macy, Josh Lucas"
The Lion King,1994,"Family, Animation, Drama",89,8.0,45000000.0,788241776.0,"Roger Allers, Rob Minkoff","Jonathan Taylor Thomas, Matthew Broderick, James Earl Jones, Jeremy Irons, Moira Kelly"
The Little Prince,2015,"Adventure, Animation, Fantasy",92,7.6,64000000.0,97571250.0,Mark Osborne,"Jeff Bridges, Rachel McAdams, Paul Rudd, Marion Cotillard, James Franco"
The Lone Ranger,2013,"Action, Adventure, Western",149,5.9,255000000.0,89289910.0,Gore Verbinski,"Johnny Depp, Armie Hammer, William Fichtner, Helena Bonham Carter, James Badge Dale"
The Long Kiss Goodnight,1996,"Crime, Action, Mystery, Thriller",120,6.5,65000000.0,89456761.0,Renny Harlin,"Geena Davis, Samuel L. Jackson, Yvonne Zima, Craig Bierko, Tom Amandes"
The Longest Yard,2005,"Comedy, Drama",113,6.2,82000000.0,190320568.0,Peter Segal,"Adam Sandler, Chris Rock, Burt Reynolds, Michael Irvin, Nelly"
The Lord of the Rings: The Fellowship of the Ring,2001,"Adventure, Fantasy, Action",178,8.0,93000000.0,871368364.0,Peter Jackson,"Elijah Wood, Ian McKellen, Cate Blanchett, Orlando Bloom, Sean Bean"
The Lord of the Rings: The Return of the King,2003,"Adventure, Fantasy, Action",201,8.1,94000000.0,1118888979.0,Peter Jackson,"Elijah Wood, Ian McKellen, Viggo Mortensen, Liv Tyler, Orlando Bloom"
The Lord of the Rings: The Two Towers,2002,"Adventure, Fantasy, Action",179,8.0,79000000.0,926287400.0,Peter Jackson,"Elijah Wood, Ian McKellen, Viggo Mortensen, Liv Tyler, Orlando Bloom"
The Lost World: Jurassic Park,1997,"Adventure, Action, Science Fiction",129,6.2,73000000.0,229074524.0,Steven Spielberg,"Jeff Goldblum, Julianne Moore, Pete Postlethwaite, Richard Attenborough, Vince Vaughn"
The Love Guru,2008,"Comedy, Romance",87,4.3,62000000.0,41819064.0,Marco Schnabel,"Mike Myers, Jessica Alba, Justin Timberlake, Romany Malco, Meagan Good"
The Lovely Bones,2009,"Fantasy, Drama",136,6.6,65000000.0,93525586.0,Peter Jackson,"Rachel Weisz, Mark Wahlberg, Susan Sarandon, Saoirse Ronan, Stanley Tucci"
The Lovers,2015,"Action, Adventure, Science Fiction, Romance",109,4.8,27000000.0,N/a,Roland Joffé,"Josh Hartnett, Simone Kessell, Tamsin Egerton, Alice Englert, Bipasha Basu"
The Majestic,2001,"Drama, Romance",152,6.6,72000000.0,37317558.0,Frank Darabont,"Jim Carrey, Martin Landau, Laurie Holden, David Ogden Stiers, Hal Holbrook"
The Man from U.N.C.L.E.,2015,"Comedy, Action, Adventure",116,7.1,75000000.0,108145109.0,Guy Ritchie,"Henry Cavill, Armie Hammer, Alicia Vikander, Elizabeth Debicki, Luca Calvani"
The Manchurian Candidate,2004,"Drama, Thriller, Mystery",129,6.2,80000000.0,96105964.0,Jonathan Demme,"Denzel Washington, Meryl Streep, Liev Schreiber, Jon Voight, Kimberly Elise"
The Martian,2015,"Drama, Adventure, Science Fiction",141,7.6,108000000.0,630161890.0,Ridley Scott,"Matt Damon, Jessica Chastain, Kristen Wiig, Jeff Daniels, Michael Peña"
The Mask of Zorro,1998,"Action, Adventure",136,6.3,95000000.0,250288523.0,Martin Campbell,"Antonio Banderas, Anthony Hopkins, Catherine Zeta-Jones, Stuart Wilson, Diego Sieres"
The Matrix,1999,"Action, Science Fiction",136,7.9,63000000.0,463517383.0,"Lilly Wachowski, Lana Wachowski","Keanu Reeves, Laurence Fishburne, Carrie-Anne Moss, Hugo Weaving, Gloria Foster"
The Matrix Reloaded,2003,"Adventure, Action, Thriller, Science Fiction",138,6.7,150000000.0,738599701.0,"Lilly Wachowski, Lana Wachowski","Keanu Reeves, Carrie-Anne Moss, Laurence Fishburne, Hugo Weaving, Helmut Bakaitis"
The Matrix Revolutions,2003,"Adventure, Action, Thriller, Science Fiction",129,6.4,150000000.0,424988211.0,"Lilly Wachowski, Lana Wachowski","Keanu Reeves, Laurence Fishburne, Carrie-Anne Moss, Hugo Weaving, Mary Alice"
The Mechanic,2011,"Action, Thriller, Crime",93,6.3,40000000.0,51070807.0,Simon West,"Jason Statham, Ben Foster, Donald Sutherland, Mini Anden, Tony Goldwyn"
The Medallion,2003,"Thriller, Fantasy, Action, Comedy",88,5.3,41000000.0,N/a,Gordon Chan,"Jackie Chan, Lee Evans, Claire Forlani, Julian Sands, John Rhys-Davies"
The Messenger: The Story of Joan of Arc,1999,"Adventure, Drama, Action, History, War",148,6.2,60000000.0,66976317.0,Luc Besson,"Milla Jovovich, Dustin Hoffman, Faye Dunaway, John Malkovich, Vincent Cassel"
The Mexican,2001,"Action, Comedy, Crime, Romance",123,5.8,57000000.0,147845033.0,Gore Verbinski,"Brad Pitt, Julia Roberts, James Gandolfini, J.K. Simmons, Gene Hackman"
The Mirror Has Two Faces,1996,"Comedy, Drama, Romance",126,6.5,42000000.0,N/a,Barbra Streisand,"Barbra Streisand, Jeff Bridges, Lauren Bacall, George Segal, Mimi Rogers"
The Monkey King 2,2016,"Action, Adventure, Fantasy",120,6.0,68490000.0,193677158.0,Soi Cheang,"Aaron Kwok, Gong Li, William Feng, Xiao Shen Yang, Him Law"
The Monuments Men,2014,"War, Drama, History, Action",118,5.8,70000000.0,154984035.0,George Clooney,"Matt Damon, Cate Blanchett, George Clooney, Bill Murray, John Goodman"
The Mortal Instruments: City of Bones,2013,"Action, Adventure, Drama, Mystery, Romance, Fantasy",130,6.2,60000000.0,90565421.0,Harald Zwart,"Lily Collins, Jamie Campbell Bower, Kevin Zegers, Jemima West, Robert Sheehan"
The Mothman Prophecies,2002,"Drama, Horror, Mystery",119,6.1,32000000.0,55157539.0,Mark Pellington,"Richard Gere, Laura Linney, Will Patton, Bob Tracey, Debra Messing"
The Mummy Returns,2001,"Adventure, Action, Fantasy",130,6.0,98000000.0,433013274.0,Stephen Sommers,"Brendan Fraser, Rachel Weisz, John Hannah, Arnold Vosloo, Oded Fehr"
The Mummy: Tomb of the Dragon Emperor,2008,"Adventure, Action, Fantasy",112,5.2,145000000.0,401128639.0,Rob Cohen,"Brendan Fraser, Jet Li, John Hannah, Maria Bello, Luke Ford"
The Muppets,2011,"Comedy, Family, Music",103,6.5,45000000.0,165184237.0,James Bobin,"Amy Adams, Jason Segel, Emily Blunt, John Krasinski, Zach Galifianakis"
The Negotiator,1998,"Action, Adventure, Crime, Drama, Mystery, Thriller",140,6.8,50000000.0,44547681.0,F. Gary Gray,"Samuel L. Jackson, Kevin Spacey, David Morse, Ron Rifkin, John Spencer"
The Nutcracker: The Untold Story,2010,"Fantasy, Action, Family",110,5.4,90000000.0,16178959.0,Andrei Konchalovsky,"Elle Fanning, Nathan Lane, John Turturro, Frances de la Tour, Charlie Rowe"
The Nutty Professor,1996,"Fantasy, Comedy, Romance, Science Fiction",95,5.4,54000000.0,128769345.0,Tom Shadyac,"Eddie Murphy, Jada Pinkett Smith, James Coburn, Larry Miller, Dave Chappelle"
The One,2001,"Action, Science Fiction, Thriller",87,5.7,49000000.0,72700000.0,James Wong,"Jet Li, Jason Statham, Carla Gugino, Delroy Lindo, James Morrison"
The Other Guys,2010,"Action, Comedy, Crime",107,6.1,100000000.0,170432927.0,Adam McKay,"Will Ferrell, Mark Wahlberg, Eva Mendes, Samuel L. Jackson, Dwayne Johnson"
The Other Woman,2014,"Comedy, Romance",109,6.2,40000000.0,196781193.0,Nick Cassavetes,"Cameron Diaz, Leslie Mann, Kate Upton, Don Johnson, Nikolaj Coster-Waldau"
The Pacifier,2005,"Action, Comedy, Drama, Family, Thriller",95,5.8,56000000.0,113006880.0,Adam Shankman,"Vin Diesel, Lauren Graham, Faith Ford, Chris Potter, Brittany Snow"
The Patriot,2000,"Drama, History, War, Action",165,6.8,110000000.0,215294342.0,Roland Emmerich,"Mel Gibson, Heath Ledger, Joely Richardson, Jason Isaacs, Tchéky Karyo"
The Peacemaker,1997,"Action, Thriller",124,5.8,50000000.0,N/a,Mimi Leder,"George Clooney, Nicole Kidman, Marcel Iureș, Goran Visnjic, Armin Mueller-Stahl"
The Peanuts Movie,2015,Animation,88,6.5,99000000.0,246233113.0,Steve Martino,"Noah Schnapp, Bill Melendez, Venus Schultheis, Hadley Belle Miller, Madisyn Shipman"
The Pelican Brief,1993,"Drama, Mystery, Thriller, Crime",141,6.3,45000000.0,195268056.0,Alan J. Pakula,"Julia Roberts, Denzel Washington, Sam Shepard, William Atherton, John Lithgow"
The Perfect Storm,2000,Drama,130,6.2,120000000.0,325756637.0,Wolfgang Petersen,"George Clooney, Mark Wahlberg, Diane Lane, John C. Reilly, William Fichtner"
The Phantom,1996,"Adventure, Action",100,4.7,45000000.0,17300889.0,Simon Wincer,"Billy Zane, Kristy Swanson, Treat Williams, Catherine Zeta-Jones, James Remar"
The Phantom of the Opera,2004,"Thriller, Drama, Romance",143,7.0,70000000.0,154648887.0,Joel Schumacher,"Gerard Butler, Emmy Rossum, Patrick Wilson, Miranda Richardson, Minnie Driver"
The Pink Panther,2006,"Action, Comedy, Crime, Mystery, Family",93,5.6,N/a,N/a,Shawn Levy,"Steve Martin, Kevin Kline, Jean Reno, Beyoncé Knowles, Emily Mortimer"
The Pirates! In an Adventure with Scientists!,2012,"Animation, Adventure, Family, Comedy",88,6.4,60000000.0,118338361.0,"Peter Lord, Jeff Newitt","Hugh Grant, Brendan Gleeson, Jeremy Piven, Brian Blessed, Salma Hayek"
The Pledge,2001,"Crime, Drama, Mystery, Thriller",123,6.5,35000000.0,29400000.0,Sean Penn,"Jack Nicholson, Aaron Eckhart, Helen Mirren, Robin Wright, Vanessa Redgrave"
The Polar Express,2004,"Adventure, Animation, Family, Fantasy",100,6.4,165000000.0,305875730.0,Robert Zemeckis,"Tom Hanks, Michael Jeter, Nona Gaye, Peter Scolari, Eddie Deezen"
The Postman,1997,"Drama, Adventure",177,6.1,80000000.0,17626234.0,Kevin Costner,"Kevin Costner, Will Patton, Olivia Williams, Larenz Tate, Tom Petty"
The Prestige,2006,"Drama, Mystery, Thriller",130,8.0,40000000.0,109676311.0,Christopher Nolan,"Hugh Jackman, Christian Bale, Michael Caine, Scarlett Johansson, Andy Serkis"
The Prince of Egypt,1998,"Adventure, Animation, Drama, Family, Music",99,6.8,70000000.0,218613188.0,"Simon Wells, Steve Hickner, Brenda Chapman","Val Kilmer, Ralph Fiennes, Patrick Stewart, Michelle Pfeiffer, Sandra Bullock"
The Princess Diaries 2: Royal Engagement,2004,"Comedy, Drama, Family, Romance",113,6.0,40000000.0,95149435.0,Garry Marshall,"Anne Hathaway, Julie Andrews, Héctor Elizondo, John Rhys-Davies, Heather Matarazzo"
The Princess and the Frog,2009,"Romance, Family, Animation, Music",97,6.7,105000000.0,267045765.0,"Ron Clements, John Musker","Anika Noni Rose, Bruno Campos, Keith David, Michael-Leon Wooley, Jennifer Cody"
The Producers,2005,"Comedy, Music",134,6.1,45000000.0,38058335.0,Susan Stroman,"Matthew Broderick, Uma Thurman, Will Ferrell, Eileen Essell, Gary Beach"
The Proposal,2009,"Comedy, Romance, Drama",108,6.7,40000000.0,317375031.0,Anne Fletcher,"Sandra Bullock, Ryan Reynolds, Mary Steenburgen, Craig T. Nelson, Betty White"
The Pursuit of Happyness,2006,Drama,117,7.7,55000000.0,307077295.0,Gabriele Muccino,"Will Smith, Jaden Smith, Thandie Newton, Brian Howe, James Karen"
The Relic,1997,"Horror, Mystery, Thriller",110,5.8,60000000.0,33956608.0,Peter Hyams,"Penelope Ann Miller, Tom Sizemore, Linda Hunt, James Whitmore, Clayton Rohner"
The Replacements,2000,Comedy,118,6.1,N/a,N/a,Howard Deutch,"Keanu Reeves, Gene Hackman, Brooke Langton, Orlando Jones, Faizon Love"
The Revenant,2015,"Western, Drama, Adventure, Thriller",156,7.3,135000000.0,532950503.0,Alejandro González Iñárritu,"Leonardo DiCaprio, Tom Hardy, Will Poulter, Domhnall Gleeson, Paul Anderson"
The Ridiculous 6,2015,"Comedy, Western",119,4.9,60000000.0,N/a,Frank Coraci,"Adam Sandler, Taylor Lautner, Steve Buscemi, Terry Crews, Danny Trejo"
The Ring Two,2005,"Drama, Horror, Thriller",110,5.4,50000000.0,161451538.0,Hideo Nakata,"Naomi Watts, Simon Baker, Elizabeth Perkins, David Dorfman, Gary Cole"
The River Wild,1994,"Action, Adventure, Crime, Thriller",111,6.1,45000000.0,N/a,Curtis Hanson,"Meryl Streep, David Strathairn, Kevin Bacon, Benjamin Bratt, John C. Reilly"
The Road to El Dorado,2000,"Adventure, Animation, Comedy, Family",89,7.0,95000000.0,76432727.0,"Don Michael Paul, Bibo Bergeron","Kenneth Branagh, Kevin Kline, Rosie Perez, Armand Assante, Edward James Olmos"
The Rock,1996,"Action, Adventure, Thriller",136,6.9,75000000.0,335062621.0,Michael Bay,"Sean Connery, Nicolas Cage, Ed Harris, John Spencer, David Morse"
The Rundown,2003,"Adventure, Action, Comedy, Thriller",104,6.4,85000000.0,80916492.0,Peter Berg,"Dwayne Johnson, Seann William Scott, Rosario Dawson, Christopher Walken, Ernie Reyes, Jr."
The Saint,1997,"Thriller, Action, Romance, Science Fiction, Adventure",116,5.9,68000000.0,118063304.0,Phillip Noyce,"Val Kilmer, Elisabeth Shue, Rade Serbedzija, Henry Goodman, Alun Armstrong"
The Santa Clause 2,2002,"Fantasy, Comedy, Family",104,5.5,65000000.0,172855065.0,Michael Lembeck,"Tim Allen, Elizabeth Mitchell, David Krumholtz, Eric Lloyd, Spencer Breslin"
The Scarlet Letter,1995,"Drama, History, Romance",135,5.5,50000000.0,10382407.0,Roland Joffé,"Demi Moore, Gary Oldman, Robert Duvall, Robert Prosky, Edward Hardwicke"
The Score,2001,"Action, Crime, Thriller",124,6.7,68000000.0,71069884.0,Frank Oz,"Robert De Niro, Edward Norton, Marlon Brando, Angela Bassett, Paul Soles"
The Scorpion King,2002,"Action, Fantasy, Adventure",92,5.3,60000000.0,165333180.0,Chuck Russell,"Dwayne Johnson, Kelly Hu, Michael Clarke Duncan, Steven Brand, Bernard Hill"
The Secret Life of Pets,2016,"Animation, Family",87,5.9,75000000.0,875958308.0,Chris Renaud,"Louis C.K., Eric Stonestreet, Kevin Hart, Jenny Slate, Lake Bell"
The Secret Life of Walter Mitty,2013,"Adventure, Comedy, Drama, Fantasy",114,7.0,90000000.0,188133322.0,Ben Stiller,"Ben Stiller, Kristen Wiig, Patton Oswalt, Shirley MacLaine, Adam Scott"
The Sentinel,2006,"Action, Thriller, Crime",108,5.8,60000000.0,77920346.0,Clark Johnson,"Michael Douglas, Kiefer Sutherland, Eva Longoria, Martin Donovan, Kim Basinger"
The Shaggy Dog,2006,"Comedy, Family",98,4.5,50000000.0,61112916.0,Brian Robbins,"Tim Allen, Kristin Davis, Danny Glover, Spencer Breslin, Robert Downey Jr."
The Siege,1998,"Drama, Action, Thriller, Crime",116,6.0,70000000.0,116672912.0,Edward Zwick,"Denzel Washington, Annette Bening, Bruce Willis, Tony Shalhoub, Sami Bouajila"
The Simpsons Movie,2007,"Animation, Comedy, Family",87,6.9,75000000.0,527068851.0,David Silverman,"Dan Castellaneta, Julie Kavner, Nancy Cartwright, Yeardley Smith, Hank Azaria"
The Sixth Sense,1999,"Mystery, Thriller, Drama",107,7.7,40000000.0,672806292.0,M. Night Shyamalan,"Bruce Willis, Toni Collette, Olivia Williams, Haley Joel Osment, Donnie Wahlberg"
The Smurfs,2011,"Animation, Family, Adventure, Comedy, Fantasy",103,5.5,110000000.0,563749323.0,Raja Gosnell,"Hank Azaria, Neil Patrick Harris, Jayma Mays, Sofía Vergara, Tim Gunn"
The Smurfs 2,2013,"Fantasy, Family, Comedy, Animation",105,5.5,105000000.0,347434178.0,Raja Gosnell,"Hank Azaria, Neil Patrick Harris, Brendan Gleeson, Jayma Mays, Jonathan Winters"
The Social Network,2010,Drama,120,7.1,40000000.0,224920315.0,David Fincher,"Jesse Eisenberg, Andrew Garfield, Justin Timberlake, Armie Hammer, Max Minghella"
The Soloist,2009,Drama,109,6.6,60000000.0,31720158.0,Joe Wright,"Robert Downey Jr., Jamie Foxx, Catherine Keener, Nelsan Ellis, Michael Bunin"
The Sorcerer's Apprentice,2010,"Fantasy, Adventure, Action, Comedy, Drama",109,5.8,150000000.0,215283742.0,Jon Turteltaub,"Nicolas Cage, Jay Baruchel, Monica Bellucci, Alfred Molina, Teresa Palmer"
The Spanish Prisoner,1997,"Crime, Drama, Mystery, Thriller",110,7.1,10000000.0,13835130.0,David Mamet,"Steve Martin, Campbell Scott, Ben Gazzara, Rebecca Pidgeon, Ricky Jay"
The Specialist,1994,"Action, Thriller",110,5.5,45000000.0,170362582.0,Luis Llosa,"Sylvester Stallone, Sharon Stone, James Woods, Rod Steiger, Eric Roberts"
The Spiderwick Chronicles,2008,"Adventure, Family, Fantasy",95,6.3,90000000.0,162839667.0,Mark Waters,"Freddie Highmore, Mary-Louise Parker, Nick Nolte, Sarah Bolger, Andrew McCarthy"
The Spirit,2008,"Action, Comedy, Thriller, Crime, Science Fiction",103,4.7,60000000.0,39031337.0,Frank Miller,"Gabriel Macht, Scarlett Johansson, Samuel L. Jackson, Eva Mendes, Paz Vega"
The SpongeBob Movie: Sponge Out of Water,2015,"Animation, Adventure, Comedy, Family",93,5.8,74000000.0,311594032.0,Paul Tibbitt,"Tom Kenny, Bill Fagerbakke, Rodger Bumpass, Clancy Brown, Carolyn Lawrence"
The Stepford Wives,2004,"Action, Comedy, Science Fiction",93,5.4,90000000.0,102000000.0,Frank Oz,"Nicole Kidman, Matthew Broderick, Bette Midler, Glenn Close, Christopher Walken"
The Story of Us,1999,"Comedy, Drama, Romance",95,5.9,50000000.0,58900031.0,Rob Reiner,"Bruce Willis, Michelle Pfeiffer, Rob Reiner, Colleen Rennison, Jake Sandvig"
The Sum of All Fears,2002,"Thriller, Action, Drama",124,5.9,68000000.0,193000000.0,Phil Alden Robinson,"Ben Affleck, Morgan Freeman, James Cromwell, Ken Jenkins, Liev Schreiber"
The Sweetest Thing,2002,"Romance, Comedy",84,5.3,43000000.0,68696770.0,Roger Kumble,"Cameron Diaz, Christina Applegate, Thomas Jane, Selma Blair, Jason Bateman"
The Taking of Pelham 1 2 3,2009,"Thriller, Drama, Crime",106,6.2,100000000.0,150166126.0,Tony Scott,"Denzel Washington, John Travolta, Luis Guzmán, Victor Gojcaj, John Turturro"
The Tale of Despereaux,2008,"Adventure, Animation, Family",93,5.8,60000000.0,50877145.0,"Robert Stevenhagen, Sam Fell","Matthew Broderick, Dustin Hoffman, Emma Watson, Tracey Ullman, Kevin Kline"
The Talented Mr. Ripley,1999,"Thriller, Crime, Drama",139,7.0,40000000.0,128798265.0,Anthony Minghella,"Matt Damon, Gwyneth Paltrow, Jude Law, Cate Blanchett, Philip Seymour Hoffman"
The Terminal,2004,"Comedy, Drama",128,7.0,60000000.0,219417255.0,Steven Spielberg,"Tom Hanks, Catherine Zeta-Jones, Stanley Tucci, Chi McBride, Diego Luna"
The Thin Red Line,1998,"Drama, History, War",170,7.2,52000000.0,98126565.0,Terrence Malick,"Sean Penn, Adrien Brody, Jim Caviezel, Ben Chaplin, George Clooney"
The Thomas Crown Affair,1999,"Drama, Crime, Romance",113,6.6,48000000.0,124305181.0,John McTiernan,"Pierce Brosnan, Rene Russo, Denis Leary, Ben Gazzara, Frankie Faison"
The Three Musketeers,2011,"Adventure, Action, Thriller",110,5.6,75000000.0,132274484.0,Paul W.S. Anderson,"Milla Jovovich, Orlando Bloom, Logan Lerman, Ray Stevenson, Matthew Macfadyen"
The Time Machine,2002,"Science Fiction, Adventure, Action",96,5.8,80000000.0,123729176.0,Simon Wells,"Guy Pearce, Mark Addy, Phyllida Law, Sienna Guillory, Laura Kirk"
The Tooth Fairy,2006,Horror,0,4.3,N/a,N/a,Chuck Bowman,"Lochlyn Munro, Chandra West, Steve Bacic, Jianna Ballard, Carrie Fleming"
The Tourist,2010,"Action, Thriller, Romance",103,6.0,100000000.0,278731369.0,Florian Henckel von Donnersmarck,"Johnny Depp, Angelina Jolie, Paul Bettany, Timothy Dalton, Steven Berkoff"
The Truman Show,1998,"Comedy, Drama",103,7.8,60000000.0,264118201.0,Peter Weir,"Jim Carrey, Laura Linney, Noah Emmerich, Natascha McElhone, Ed Harris"
The Tuxedo,2002,"Thriller, Action, Comedy, Science Fiction",98,5.3,N/a,N/a,Kevin Donovan,"Jackie Chan, Jennifer Love Hewitt, Jason Isaacs, Debi Mazar, Ritchie Coster"
The Twilight Saga: Breaking Dawn - Part 2,2012,"Adventure, Fantasy, Drama, Romance",115,6.1,120000000.0,829000000.0,Bill Condon,"Kristen Stewart, Robert Pattinson, Taylor Lautner, Peter Facinelli, Elizabeth Reaser"
The Twilight Saga: Eclipse,2010,"Adventure, Fantasy, Drama, Romance",124,5.8,68000000.0,698491347.0,David Slade,"Kristen Stewart, Robert Pattinson, Taylor Lautner, Ashley Greene, Peter Facinelli"
The Twilight Saga: New Moon,2009,"Adventure, Fantasy, Drama, Romance",130,5.6,50000000.0,709827462.0,Chris Weitz,"Kristen Stewart, Robert Pattinson, Taylor Lautner, Billy Burke, Ashley Greene"
The Village,2004,"Drama, Mystery, Thriller",108,6.2,60000000.0,256697520.0,M. Night Shyamalan,"Bryce Dallas Howard, Joaquin Phoenix, Adrien Brody, William Hurt, Sigourney Weaver"
The Warrior's Way,2010,"Adventure, Fantasy, Action, Western, Thriller",100,6.3,42000000.0,11087569.0,Sngmoo Lee,"Kate Bosworth, Jang Dong-gun, Geoffrey Rush, Danny Huston, Ti Lung"
The Watch,2012,Comedy,98,5.3,68000000.0,68267862.0,Akiva Schaffer,"Ben Stiller, Vince Vaughn, Jonah Hill, Richard Ayoade, Rosemarie DeWitt"
The Wolf of Wall Street,2013,"Crime, Drama, Comedy",180,7.9,100000000.0,392000694.0,Martin Scorsese,"Leonardo DiCaprio, Jonah Hill, Margot Robbie, Kyle Chandler, Rob Reiner"
The Wolfman,2010,"Drama, Horror, Thriller",102,5.5,150000000.0,N/a,Joe Johnston,"Benicio del Toro, Anthony Hopkins, Emily Blunt, Hugo Weaving, Cristina Contes"
The Wolverine,2013,"Action, Science Fiction, Adventure, Fantasy",126,6.3,120000000.0,415440673.0,James Mangold,"Hugh Jackman, Hiroyuki Sanada, Famke Janssen, Will Yun Lee, Tao Okamoto"
The World Is Not Enough,1999,"Adventure, Action, Thriller",128,6.0,135000000.0,361832400.0,Michael Apted,"Pierce Brosnan, Sophie Marceau, Robert Carlyle, Denise Richards, Robbie Coltrane"
The X Files,1998,"Mystery, Science Fiction, Thriller",121,6.6,66000000.0,189198313.0,Rob Bowman,"David Duchovny, Gillian Anderson, Mitch Pileggi, William B. Davis, John Neville"
Thirteen Days,2000,"Drama, Thriller",145,6.9,80000000.0,34566746.0,Roger Donaldson,"Kevin Costner, Bruce Greenwood, Steven Culp, Dylan Baker, Shawn Driscoll"
This Is It,2009,"Music, Documentary",111,6.7,60000000.0,N/a,Kenny Ortega,"Michael Jackson, Orianthi, Kenny Ortega, Dorian Holley, Patrick Woodroffe"
This Means War,2012,"Action, Comedy, Romance",103,5.9,65000000.0,156974557.0,McG,"Reese Witherspoon, Chris Pine, Tom Hardy, Laura Vandervoort, Angela Bassett"
Thor,2011,"Adventure, Fantasy, Action",115,6.6,150000000.0,449326618.0,Kenneth Branagh,"Chris Hemsworth, Natalie Portman, Tom Hiddleston, Anthony Hopkins, Stellan Skarsgård"
Thor: The Dark World,2013,"Action, Adventure, Fantasy",112,6.8,170000000.0,644571402.0,Alan Taylor,"Chris Hemsworth, Natalie Portman, Tom Hiddleston, Anthony Hopkins, Christopher Eccleston"
Three Kings,1999,"Action, Adventure, Comedy",114,6.6,75000000.0,108000000.0,David O. Russell,"George Clooney, Mark Wahlberg, Ice Cube, Spike Jonze, Cliff Curtis"
Thunderbirds,2004,"Action, Adventure, Comedy, Family, Fantasy, Science Fiction",95,4.2,57000000.0,28283637.0,Jonathan Frakes,"Brady Corbet, Soren Fulton, Debora Weston, Lou Hirsch, Alex Barringer"
Timeline,2003,"Action, Adventure, Science Fiction",116,5.4,80000000.0,19480739.0,Richard Donner,"Paul Walker, Frances O'Connor, Gerard Butler, Billy Connolly, David Thewlis"
Tin Cup,1996,"Comedy, Drama, Romance",135,5.9,45000000.0,53854588.0,Ron Shelton,"Kevin Costner, Don Johnson, Cheech Marin, George Perez, Rene Russo"
Titan A.E.,2000,"Animation, Action, Science Fiction, Family, Adventure",94,6.3,75000000.0,36754634.0,"Gary Goldman, Don Bluth","Matt Damon, Bill Pullman, Drew Barrymore, John Leguizamo, Nathan Lane"
Titanic,1997,"Drama, Romance, Thriller",194,7.5,200000000.0,1845034188.0,James Cameron,"Kate Winslet, Leonardo DiCaprio, Frances Fisher, Billy Zane, Kathy Bates"
Tomorrow Never Dies,1997,"Adventure, Action, Thriller",119,6.0,110000000.0,333011068.0,Roger Spottiswoode,"Pierce Brosnan, Jonathan Pryce, Michelle Yeoh, Teri Hatcher, Ricky Jay"
Tomorrowland,2015,"Adventure, Family, Mystery, Science Fiction",130,6.2,190000000.0,209154322.0,Brad Bird,"Britt Robertson, George Clooney, Raffey Cassidy, Thomas Robinson, Hugh Laurie"
Top Cat Begins,2015,"Comedy, Animation",89,5.3,8000000.0,N/a,Andrés Couturier,"Jason Harris, David Hoffman, Bill Lobley, Darin De Paul, Marieve Herington"
Total Recall,1990,"Action, Adventure, Science Fiction",113,7.1,65000000.0,261317921.0,Paul Verhoeven,"Arnold Schwarzenegger, Sharon Stone, Rachel Ticotin, Ronny Cox, Michael Ironside"
Tower Heist,2011,"Action, Comedy",104,5.8,75000000.0,152930623.0,Brett Ratner,"Ben Stiller, Eddie Murphy, Casey Affleck, Alan Alda, Matthew Broderick"
Town & Country,2001,"Comedy, Romance",104,3.7,90000000.0,10372291.0,Peter Chelsom,"Warren Beatty, Diane Keaton, Goldie Hawn, Garry Shandling, Andie MacDowell"
Toy Story 2,1999,"Animation, Comedy, Family",92,7.3,90000000.0,497366869.0,John Lasseter,"Tom Hanks, Tim Allen, Joan Cusack, Kelsey Grammer, Don Rickles"
Toy Story 3,2010,"Animation, Family, Comedy",103,7.6,200000000.0,1066969703.0,Lee Unkrich,"Tom Hanks, Tim Allen, Ned Beatty, Joan Cusack, Michael Keaton"
Traffic,2000,"Thriller, Drama, Crime",147,6.9,48000000.0,207515725.0,Steven Soderbergh,"Michael Douglas, Benicio del Toro, Jacob Vargas, Tomás Milián, Russell G. Jones"
Training Day,2001,"Action, Crime, Drama, Thriller",122,7.3,45000000.0,104876233.0,Antoine Fuqua,"Denzel Washington, Ethan Hawke, Scott Glenn, Tom Berenger, Harris Yulin"
Transcendence,2014,"Thriller, Science Fiction, Drama, Mystery",119,5.9,100000000.0,103039258.0,Wally Pfister,"Johnny Depp, Paul Bettany, Rebecca Hall, Kate Mara, Morgan Freeman"
Transformers,2007,"Adventure, Science Fiction, Action",144,6.6,150000000.0,709709780.0,Michael Bay,"Shia LaBeouf, Josh Duhamel, Megan Fox, Rachael Taylor, Tyrese Gibson"
Transformers: Age of Extinction,2014,"Science Fiction, Action, Adventure",165,5.8,210000000.0,1091405097.0,Michael Bay,"Mark Wahlberg, Stanley Tucci, Kelsey Grammer, Nicola Peltz, Jack Reynor"
Transformers: Dark of the Moon,2011,"Action, Science Fiction, Adventure",154,6.1,195000000.0,1123746996.0,Michael Bay,"Shia LaBeouf, John Malkovich, Ken Jeong, Frances McDormand, Josh Duhamel"
Transformers: Revenge of the Fallen,2009,"Science Fiction, Action, Adventure",150,6.0,150000000.0,836297228.0,Michael Bay,"Shia LaBeouf, Megan Fox, Josh Duhamel, Rainn Wilson, Tyrese Gibson"
Treasure Planet,2002,"Adventure, Animation, Family, Fantasy, Science Fiction",95,7.2,140000000.0,109578115.0,"Ron Clements, John Musker","Joseph Gordon-Levitt, Brian Murray, David Hyde Pierce, Emma Thompson, Michael Wincott"
Tropic Thunder,2008,"Action, Comedy",107,6.5,92000000.0,188072649.0,Ben Stiller,"Ben Stiller, Jack Black, Robert Downey Jr., Nick Nolte, Steve Coogan"
Trouble with the Curve,2012,"Drama, Romance",111,6.6,N/a,N/a,Robert Lorenz,"Clint Eastwood, Amy Adams, Justin Timberlake, John Goodman, Matthew Lillard"
Troy,2004,"Adventure, Drama, War",163,6.9,175000000.0,497409852.0,Wolfgang Petersen,"Brad Pitt, Orlando Bloom, Eric Bana, Brian Cox, Sean Bean"
True Lies,1994,"Action, Thriller",141,6.8,115000000.0,378882411.0,James Cameron,"Arnold Schwarzenegger, Jamie Lee Curtis, Tom Arnold, Bill Paxton, Tia Carrere"
Turbo,2013,"Animation, Family",96,6.1,135000000.0,282570682.0,David Soren,"Ryan Reynolds, Paul Giamatti, Michael Peña, Samuel L. Jackson, Luis Guzmán"
Turbulence,1997,"Action, Thriller, Crime",100,5.2,55000000.0,11466088.0,Robert Butler,"Ray Liotta, Lauren Holly, Brendan Gleeson, Héctor Elizondo, Rachel Ticotin"
Twister,1996,"Action, Adventure, Drama",113,6.1,92000000.0,494471524.0,Jan de Bont,"Helen Hunt, Bill Paxton, Cary Elwes, Jami Gertz, Philip Seymour Hoffman"
Two Brothers,2004,"Adventure, Drama, Family",109,6.9,74500000.0,62172050.0,Jean-Jacques Annaud,"Maï Anh Le, Guy Pearce, Oanh Nguyen, Jaran 'See Tao' Petcharoen, Stéphanie Lagarde"
Two Weeks Notice,2002,"Romance, Comedy",101,5.9,60000000.0,93354918.0,Marc Lawrence,"Sandra Bullock, Hugh Grant, Alicia Witt, Dana Ivey, Robert Klein"
U-571,2000,"Action, Drama, Thriller, War",116,6.1,62000000.0,127666415.0,Jonathan Mostow,"Matthew McConaughey, Bill Paxton, Harvey Keitel, Jon Bon Jovi, David Keith"
Unbreakable,2000,"Science Fiction, Thriller, Drama",106,6.9,75000000.0,248118121.0,M. Night Shyamalan,"Bruce Willis, Samuel L. Jackson, Robin Wright, Spencer Treat Clark, John Patrick Amedori"
Unbroken,2014,"Drama, War",137,7.3,65000000.0,163442937.0,Angelina Jolie,"Jack O'Connell, Domhnall Gleeson, Garrett Hedlund, Miyavi, Finn Wittrock"
Under Siege 2: Dark Territory,1995,"Action, Thriller",100,5.6,60000000.0,104324083.0,Geoff Murphy,"Steven Seagal, Eric Bogosian, Everett McGill, Katherine Heigl, Morris Chestnut"
Underworld: Awakening,2012,"Fantasy, Action, Horror",88,6.1,70000000.0,160112671.0,"Måns Mårlind, Björn Stein","Kate Beckinsale, Stephen Rea, Michael Ealy, Theo James, India Eisley"
Underworld: Evolution,2006,"Fantasy, Action, Science Fiction, Thriller",106,6.4,50000000.0,111340801.0,Len Wiseman,"Kate Beckinsale, Scott Speedman, Tony Curran, Shane Brolly, Derek Jacobi"
Unfaithful,2002,"Thriller, Drama",124,6.3,50000000.0,119137784.0,Adrian Lyne,"Richard Gere, Diane Lane, Olivier Martinez, Erik Per Sullivan, Zeljko Ivanek"
Unknown,2011,"Action, Mystery, Thriller",113,6.5,30000000.0,130786397.0,Jaume Collet-Serra,"Liam Neeson, Diane Kruger, January Jones, Aidan Quinn, Bruno Ganz"
Unleashed,2005,"Action, Crime",103,6.6,45000000.0,50871113.0,Louis Leterrier,"Jet Li, Morgan Freeman, Bob Hoskins, Vincent Regan, Dylan Brown"
Unstoppable,2010,"Action, Thriller",98,6.3,100000000.0,167805466.0,Tony Scott,"Denzel Washington, Chris Pine, Rosario Dawson, Ethan Suplee, Kevin Corrigan"
Up,2009,"Animation, Comedy, Family, Adventure",96,7.7,175000000.0,735099082.0,Pete Docter,"Ed Asner, Christopher Plummer, Jordan Nagai, Bob Peterson, Delroy Lindo"
Up Close & Personal,1996,"Drama, Romance",119,5.9,60000000.0,N/a,Jon Avnet,"Robert Redford, Michelle Pfeiffer, Stockard Channing, Joe Mantegna, Kate Nelligan"
V for Vendetta,2006,"Action, Thriller, Fantasy",132,7.7,54000000.0,132511035.0,James McTeigue,"Natalie Portman, Hugo Weaving, Stephen Rea, Stephen Fry, John Hurt"
Valentine's Day,2010,"Comedy, Romance",125,5.7,52000000.0,216485654.0,Garry Marshall,"Jessica Alba, Jessica Biel, Bradley Cooper, Eric Dane, Patrick Dempsey"
Valkyrie,2008,"Drama, Thriller, History, War",121,6.7,75000000.0,200276000.0,Bryan Singer,"Tom Cruise, Carice van Houten, Kenneth Branagh, Bill Nighy, Terence Stamp"
Vanilla Sky,2001,"Drama, Mystery, Romance, Science Fiction, Thriller",136,6.5,68000000.0,203388341.0,Cameron Crowe,"Tom Cruise, Penélope Cruz, Cameron Diaz, Kurt Russell, Jason Lee"
Vantage Point,2008,"Drama, Action, Thriller, Crime",90,6.2,40000000.0,151161491.0,Pete Travis,"Dennis Quaid, Matthew Fox, Forest Whitaker, Sigourney Weaver, William Hurt"
Vertical Limit,2000,"Action, Adventure, Thriller",124,5.9,75000000.0,215663859.0,Martin Campbell,"Chris O'Donnell, Robin Tunney, Bill Paxton, Scott Glenn, Izabella Scorupco"
Victor Frankenstein,2015,"Drama, Science Fiction, Thriller",109,5.6,40000000.0,34227298.0,Paul McGuigan,"James McAvoy, Daniel Radcliffe, Jessica Brown Findlay, Andrew Scott, Charles Dance"
Volcano,1997,"Science Fiction, Action, Drama, Thriller",104,5.2,90000000.0,N/a,Mick Jackson,"Tommy Lee Jones, Anne Heche, Gaby Hoffmann, Don Cheadle, Joshua Fardon"
WALL·E,2008,"Animation, Family",98,7.8,180000000.0,521311860.0,Andrew Stanton,"Ben Burtt, Elissa Knight, Jeff Garlin, Fred Willard, John Ratzenberger"
Walking Tall,2004,"Adventure, Drama, Action, Thriller",86,6.0,56000000.0,57223890.0,Kevin Bray,"Dwayne Johnson, Johnny Knoxville, Neal McDonough, Kristen Wilson, Cobie Smulders"
Walking With Dinosaurs,2013,"Animation, Family, Adventure",87,5.2,80000000.0,126546518.0,"Barry Cook, Neil Nightingale","Charlie Rowe, Justin Long, Karl Urban, Angourie Rice, John Leguizamo"
Wall Street: Money Never Sleeps,2010,"Drama, Crime",133,5.8,70000000.0,134748021.0,Oliver Stone,"Michael Douglas, Shia LaBeouf, Josh Brolin, Carey Mulligan, Frank Langella"
Wanted,2008,"Action, Thriller, Crime",110,6.4,75000000.0,258270008.0,Timur Bekmambetov,"Angelina Jolie, James McAvoy, Morgan Freeman, Thomas Kretschmann, Terence Stamp"
War Horse,2011,"Drama, War",146,7.0,66000000.0,177584879.0,Steven Spielberg,"Tom Hiddleston, Benedict Cumberbatch, Toby Kebbell, Emily Watson, Jeremy Irvine"
War of the Worlds,2005,"Adventure, Thriller, Science Fiction",116,6.2,132000000.0,591739379.0,Steven Spielberg,"Tom Cruise, Dakota Fanning, Miranda Otto, Justin Chatwin, Tim Robbins"
Warcraft,2016,"Action, Adventure, Fantasy",123,6.3,160000000.0,433677183.0,Duncan Jones,"Paula Patton, Travis Fimmel, Ben Foster, Robert Kazinsky, Dominic Cooper"
Watchmen,2009,"Action, Mystery, Science Fiction",163,7.0,130000000.0,185258983.0,Zack Snyder,"Malin Åkerman, Billy Crudup, Carla Gugino, Jeffrey Dean Morgan, Patrick Wilson"
Waterworld,1995,"Adventure, Action",135,5.9,175000000.0,264218220.0,Kevin Reynolds,"Kevin Costner, Chaim Girafi, Rick Aviles, R. D. Call, Zitto Kazann"
We Are Marshall,2006,Drama,124,6.7,65000000.0,43545364.0,McG,"Matthew McConaughey, Matthew Fox, Anthony Mackie, David Strathairn, Ian McShane"
We Bought a Zoo,2011,"Drama, Comedy, Family",124,6.5,50000000.0,120081841.0,Cameron Crowe,"Matt Damon, Scarlett Johansson, Thomas Haden Church, Colin Ford, Maggie Elizabeth Jones"
We Were Soldiers,2002,"Action, History, War",138,6.7,75000000.0,114660784.0,Randall Wallace,"Mel Gibson, Greg Kinnear, Madeleine Stowe, Sam Elliott, Chris Klein"
What Dreams May Come,1998,"Drama, Fantasy, Romance",113,6.8,85000000.0,71485043.0,Vincent Ward,"Robin Williams, Cuba Gooding Jr., Annabella Sciorra, Max von Sydow, Jessica Brooks Grant"
What Lies Beneath,2000,"Drama, Horror, Mystery, Thriller",130,6.3,100000000.0,155464351.0,Robert Zemeckis,"Harrison Ford, Michelle Pfeiffer, Diana Scarwid, James Remar, Miranda Otto"
What Planet Are You From?,2000,"Comedy, Drama, Romance, Science Fiction",105,5.4,60000000.0,N/a,Mike Nichols,"Garry Shandling, Annette Bening, John Goodman, Greg Kinnear, Linda Fiorentino"
What Women Want,2000,"Comedy, Romance",127,6.1,70000000.0,374111707.0,Nancy Meyers,"Helen Hunt, Mel Gibson, Marisa Tomei, Lauren Holly, Mark Feuerstein"
Where the Wild Things Are,2009,"Family, Fantasy",101,6.4,100000000.0,100086793.0,Spike Jonze,"Max Records, Catherine Keener, Lauren Ambrose, James Gandolfini, Catherine O'Hara"
White House Down,2013,"Action, Drama, Thriller",131,6.4,150000000.0,205366737.0,Roland Emmerich,"Channing Tatum, Jamie Foxx, Joey King, Maggie Gyllenhaal, Richard Jenkins"
Why I Did (Not) Eat My Father,2015,"Adventure, Comedy, Animation",100,5.3,N/a,N/a,Jamel Debbouze,"Jamel Debbouze, Arié Elmaleh, Mélissa Theuriau, Patrice Thibaud, Christian Hecq"
Wild Hogs,2007,"Action, Adventure, Comedy",100,5.6,N/a,253625427.0,Walt Becker,"Tim Allen, John Travolta, Martin Lawrence, William H. Macy, Ray Liotta"
Wild Wild West,1999,"Action, Adventure, Comedy, Science Fiction, Western",106,5.1,170000000.0,222104681.0,Barry Sonnenfeld,"Will Smith, Kevin Kline, Kenneth Branagh, Salma Hayek, M. Emmet Walsh"
Windtalkers,2002,"Drama, Action, History, War",134,5.8,115000000.0,77628265.0,John Woo,"Nicolas Cage, Adam Beach, Peter Stormare, Noah Emmerich, Mark Ruffalo"
Winter's Tale,2014,"Drama, Fantasy, Mystery, Romance",118,6.0,60000000.0,30800231.0,Akiva Goldsman,"Colin Farrell, Jessica Brown Findlay, Russell Crowe, William Hurt, Jennifer Connelly"
Wolf,1994,Fantasy,125,6.0,N/a,N/a,Mike Nichols,"Jack Nicholson, Christopher Plummer, James Spader, Michelle Pfeiffer, Kate Nelligan"
World Trade Center,2006,"Drama, History, Thriller",128,5.9,63000000.0,162945894.0,Oliver Stone,"Nicolas Cage, Maria Bello, Maggie Gyllenhaal, Michael Peña, Jay Hernandez"
World War Z,2013,"Action, Drama, Horror, Science Fiction, Thriller",116,6.7,200000000.0,531865000.0,Marc Forster,"Brad Pitt, Mireille Enos, Abigail Hargrove, Sterling Jerins, James Badge Dale"
Wrath of the Titans,2012,Adventure,99,5.5,150000000.0,301000000.0,Jonathan Liebesman,"Sam Worthington, Liam Neeson, Ralph Fiennes, Edgar Ramírez, Toby Kebbell"
Wreck-It Ralph,2012,"Family, Animation, Comedy, Adventure",108,7.1,165000000.0,471222889.0,Rich Moore,"John C. Reilly, Sarah Silverman, Jack McBrayer, Jane Lynch, Alan Tudyk"
Wyatt Earp,1994,"Drama, Action, Western",191,6.5,63000000.0,25052000.0,Lawrence Kasdan,"Kevin Costner, Dennis Quaid, Gene Hackman, David Andrews, Linden Ashby"
X-Men,2000,"Adventure, Action, Science Fiction",104,6.8,75000000.0,296339527.0,Bryan Singer,"Patrick Stewart, Hugh Jackman, Ian McKellen, Halle Berry, Famke Janssen"
X-Men Origins: Wolverine,2009,"Adventure, Action, Thriller, Science Fiction",107,6.2,150000000.0,373062864.0,Gavin Hood,"Hugh Jackman, Liev Schreiber, Danny Huston, Lynn Collins, Ryan Reynolds"
X-Men: Apocalypse,2016,Science Fiction,144,6.4,178000000.0,543934787.0,Bryan Singer,"James McAvoy, Michael Fassbender, Jennifer Lawrence, Nicholas Hoult, Oscar Isaac"
X-Men: Days of Future Past,2014,"Action, Adventure, Fantasy, Science Fiction",131,7.5,250000000.0,747862775.0,Bryan Singer,"Hugh Jackman, James McAvoy, Michael Fassbender, Jennifer Lawrence, Halle Berry"
X-Men: First Class,2011,"Action, Science Fiction, Adventure",132,7.1,160000000.0,353624124.0,Matthew Vaughn,"James McAvoy, Michael Fassbender, Jennifer Lawrence, Kevin Bacon, Rose Byrne"
X-Men: The Last Stand,2006,"Adventure, Action, Science Fiction, Thriller",104,6.3,210000000.0,459359555.0,Brett Ratner,"Hugh Jackman, Halle Berry, Ian McKellen, Patrick Stewart, Famke Janssen"
X2,2003,"Adventure, Action, Science Fiction, Thriller",133,6.8,110000000.0,407711549.0,Bryan Singer,"Patrick Stewart, Hugh Jackman, Ian McKellen, Halle Berry, Famke Janssen"
Year One,2009,"Comedy, Adventure",97,4.6,60000000.0,62357900.0,Harold Ramis,"Jack Black, Michael Cera, Olivia Wilde, Oliver Platt, David Cross"
Yes Man,2008,Comedy,104,6.4,70000000.0,225990978.0,Peyton Reed,"Jim Carrey, Zooey Deschanel, Rhys Darby, Sasha Alexander, Fionnula Flanagan"
Yogi Bear,2010,"Comedy, Family, Animation, Adventure",80,5.2,80000000.0,201584141.0,Eric Brevig,"Dan Aykroyd, Justin Timberlake, Anna Faris, Tom Cavanagh, Christine Taylor"
You Don't Mess with the Zohan,2008,"Comedy, Action",113,5.5,90000000.0,201596308.0,Dennis Dugan,"Adam Sandler, John Turturro, Emmanuelle Chriqui, Nick Swardson, Lainie Kazan"
You've Got Mail,1998,"Comedy, Romance",119,6.3,65000000.0,250821495.0,Nora Ephron,"Tom Hanks, Meg Ryan, Katie Sagona, Greg Kinnear, Parker Posey"
"You, Me and Dupree",2006,"Comedy, Romance",108,5.4,54000000.0,130431368.0,"Anthony Russo, Joe Russo","Kate Hudson, Owen Wilson, Matt Dillon, Michael Douglas, Seth Rogen"
Your Highness,2011,Comedy,102,5.2,49900000.0,26121638.0,David Gordon Green,"Danny McBride, James Franco, Natalie Portman, Zooey Deschanel, Justin Theroux"
"Yours, Mine and Ours",1968,"Comedy, Drama, Family",111,6.2,N/a,N/a,Melville Shavelson,"Lucille Ball, Henry Fonda, Van Johnson, Tom Bosley, Louise Troy"
Zathura: A Space Adventure,2005,"Family, Fantasy, Science Fiction, Adventure",101,6.1,65000000.0,64321501.0,Jon Favreau,"Jonah Bobo, Josh Hutcherson, Dax Shepard, Kristen Stewart, Tim Robbins"
Zero Dark Thirty,2012,"Thriller, Drama, History",157,6.7,40000000.0,132820716.0,Kathryn Bigelow,"Jessica Chastain, Jason Clarke, Mark Strong, Joel Edgerton, Chris Pratt"
Zodiac,2007,"Crime, Drama, Mystery, Thriller",157,7.3,65000000.0,84785914.0,David Fincher,"Jake Gyllenhaal, Robert Downey Jr., Mark Ruffalo, Anthony Edwards, Brian Cox"
Zookeeper,2011,"Comedy, Romance, Family",102,5.3,80000000.0,169852759.0,Frank Coraci,"Kevin James, Rosario Dawson, Sylvester Stallone, Nick Nolte, Jon Favreau"
Zoolander 2,2016,Comedy,100,4.7,50000000.0,55969000.0,Ben Stiller,"Ben Stiller, Owen Wilson, Will Ferrell, Penélope Cruz, Kristen Wiig"
xXx,2002,"Action, Adventure, Thriller",124,5.8,70000000.0,277448382.0,Rob Cohen,"Vin Diesel, Asia Argento, Samuel L. Jackson, Danny Trejo, Leila Arcieri"
xXx: State of the Union,2005,"Action, Adventure, Crime, Drama, Mystery, Thriller",101,4.7,60000000.0,71073932.0,Lee Tamahori,"Ice Cube, Samuel L. Jackson, Willem Dafoe, Scott Speedman, Peter Strauss"
Æon Flux,2005,"Action, Science Fiction",93,5.4,62000000.0,52304001.0,Karyn Kusama,"Charlize Theron, Marton Csokas, Jonny Lee Miller, Sophie Okonedo, Frances McDormand"
